id,name,email,phone,city
1,Briggs Nelles,bnelles0@geocities.com,+20 (526) 720-5159,Sīdī Sālim
2,Corny Benneton,cbenneton1@virginia.edu,+30 (337) 576-1072,Rízoma
3,Rayna Tarr,rtarr2@so-net.ne.jp,+46 (723) 148-8499,Göteborg
4,Pandora Symmons,psymmons3@squarespace.com,+54 (189) 480-0018,Hernando
5,Alwin Pybworth,apybworth4@globo.com,+63 (897) 142-5832,Liliongan
6,Beauregard Harold,bharold5@parallels.com,+353 (241) 760-6655,Bayside
7,Amalie Bachura,abachura6@state.gov,+55 (570) 437-5246,Mogi das Cruzes
8,Jesus Wiper,jwiper7@weibo.com,+33 (281) 807-0822,Évry
9,Aggy Brewse,abrewse8@linkedin.com,+237 (910) 555-8953,Mokolo
10,Mona Brewin,mbrewin9@list-manage.com,+63 (711) 417-8121,Panay
11,Idalina Gaukroger,igaukrogera@e-recht24.de,+351 (863) 792-6882,Antas
12,Randy Andrusov,randrusovb@wsj.com,+33 (136) 659-8237,Aime
13,Arlee Cadalleder,acadallederc@sun.com,+54 (347) 555-3657,El Arañado
14,Eran Pescott,epescottd@msn.com,+380 (569) 461-9132,Kaniv
15,Vassili Seggie,vseggiee@omniture.com,+7 (740) 977-8076,Orël
16,Tyson Brunroth,tbrunrothf@shutterfly.com,+86 (626) 378-2151,Tuanlin
17,Zelda Shotton,zshottong@ezinearticles.com,+86 (805) 276-4028,Wuci
18,Xymenes Abramovitz,xabramovitzh@mayoclinic.com,+55 (224) 490-3304,São Jerônimo
19,Gleda Breit,gbreiti@google.com.hk,+86 (241) 690-6040,Chengqiao
20,Winona Berard,wberardj@va.gov,+86 (959) 770-1340,Yuqian
21,Sanford Livermore,slivermorek@bigcartel.com,+351 (541) 708-2534,Reinaldes
22,Roderick Martijn,rmartijnl@techcrunch.com,+63 (243) 114-2469,Maibu
23,Silvain Grimster,sgrimsterm@facebook.com,+972 (395) 542-2251,Kafr Miṣr
24,Milton Wisby,mwisbyn@time.com,+46 (541) 919-9546,Järna
25,Allina Wannan,awannano@behance.net,+33 (258) 116-2013,Cognac
26,Hulda Jorio,hjoriop@sphinn.com,+374 (495) 874-2260,Shenavan
27,Fransisco Reading,freadingq@gnu.org,+94 (101) 804-3863,Jaffna
28,Vanya MacCostigan,vmaccostiganr@reddit.com,+351 (150) 596-3435,Roriz
29,Scottie Slides,sslidess@dmoz.org,+48 (605) 400-8328,Białośliwie
30,Nance Sallenger,nsallengert@ameblo.jp,+30 (484) 153-7700,Amfíkleia
31,Cos Stearn,cstearnu@cpanel.net,+46 (192) 680-4451,Horred
32,Carline Stradling,cstradlingv@wikia.com,+93 (988) 355-4276,Ghormach
33,Rubia Grelik,rgrelikw@yellowbook.com,+86 (312) 231-4107,Yangba
34,Trista Sixsmith,tsixsmithx@ucoz.com,+31 (858) 710-2304,Dordrecht
35,Philippa Abramowitz,pabramowitzy@dmoz.org,+57 (705) 286-3258,Municipio de Copacabana
36,Traci Tregensoe,ttregensoez@nhs.uk,+380 (315) 151-6652,Tarakaniv
37,Bailie Nuscha,bnuscha10@sitemeter.com,+58 (673) 898-6715,El Vigía
38,Leo Windle,lwindle11@google.it,+420 (443) 100-9563,Sudoměřice
39,Corby Keepin,ckeepin12@microsoft.com,+351 (230) 301-4345,Vila Nova de Gaia
40,Meghan Drewery,mdrewery13@accuweather.com,+62 (203) 850-6778,Sondo
41,Frieda Sesons,fsesons14@dailymail.co.uk,+52 (487) 515-7187,El Arenal
42,Allys Alkin,aalkin15@slate.com,+86 (361) 431-4741,Pingdingbu
43,Woodrow McKibben,wmckibben16@bravesites.com,+86 (740) 891-4987,Changning
44,Sammy Spire,sspire17@washington.edu,+33 (286) 260-0408,Laval
45,Biddy Whittlesee,bwhittlesee18@tamu.edu,+92 (314) 771-9151,Pindi Bhattiān
46,Elka Trunby,etrunby19@auda.org.au,+1 (782) 248-6015,San Cristóbal
47,Aylmar Morrid,amorrid1a@sphinn.com,+374 (794) 349-5816,Vanadzor
48,Norris Dunsford,ndunsford1b@privacy.gov.au,+972 (202) 185-6085,Beit Horon
49,Hadria Giff,hgiff1c@taobao.com,+86 (530) 982-7557,Qiantang
50,Cathy Castagnasso,ccastagnasso1d@weebly.com,+7 (961) 806-5189,Itatskiy
51,Denys McCullough,dmccullough1e@phpbb.com,+55 (924) 260-7984,Japeri
52,Valentine Dummigan,vdummigan1f@jalbum.net,+7 (292) 300-0306,Verkhniye Kigi
53,Caesar Liggons,cliggons1g@bloomberg.com,+86 (369) 823-3204,Baoxing
54,Leanna Fasham,lfasham1h@seattletimes.com,+56 (407) 542-6609,Teno
55,Viviene Lennox,vlennox1i@hexun.com,+380 (854) 339-0689,Shabo
56,Bartram Daniels,bdaniels1j@cnbc.com,+233 (195) 712-4811,Mampong
57,Jesus Cadany,jcadany1k@mapquest.com,+51 (908) 801-3294,Ccuntuma
58,Den Surcomb,dsurcomb1l@usa.gov,+86 (951) 586-3847,Guandu
59,Fritz Paskins,fpaskins1m@indiegogo.com,+49 (334) 575-4671,Essen
60,Oberon Aggio,oaggio1n@qq.com,+7 (613) 965-3733,Asbest
61,Krystle Hurley,khurley1o@nbcnews.com,+63 (169) 821-2405,Lemery
62,Annadiana Anchor,aanchor1p@bloglines.com,+880 (905) 270-9276,Nāgarpur
63,Alexio Abbatini,aabbatini1q@cocolog-nifty.com,+86 (951) 704-2070,Fuyong
64,Carmelia O'Lenechan,colenechan1r@china.com.cn,+63 (741) 427-7070,Marihatag
65,Tamma Jepperson,tjepperson1s@foxnews.com,+353 (215) 521-0217,Castlebridge
66,Marmaduke Mailes,mmailes1t@un.org,+63 (901) 522-4288,España
67,Gillan Tevelov,gtevelov1u@netlog.com,+351 (763) 636-7217,Queluz
68,Sigismund Kiely,skiely1v@mtv.com,+86 (557) 430-9054,Anningqu
69,Guss Tenwick,gtenwick1w@aboutads.info,+62 (575) 317-2074,Olafulihaa
70,Ericha Kilner,ekilner1x@cbsnews.com,+66 (842) 786-8235,Chok Chai
71,Giana Mahedy,gmahedy1y@google.com.hk,+63 (253) 345-9308,Nuing
72,Darbee Whyatt,dwhyatt1z@homestead.com,+86 (313) 358-7216,Jiuhua
73,Ruy Prandi,rprandi20@blog.com,+992 (914) 778-4921,Dushanbe
74,Windham Carthy,wcarthy21@hatena.ne.jp,+54 (385) 679-2067,Arauco
75,Barny Whyke,bwhyke22@wikispaces.com,+30 (708) 573-8735,Vília
76,Rani Collington,rcollington23@php.net,+54 (303) 652-0298,Campana
77,Danika Kitcat,dkitcat24@weebly.com,+7 (945) 912-5352,Petrokamenskoye
78,Kathlin Tchaikovsky,ktchaikovsky25@mapquest.com,+389 (793) 463-8568,Srbica
79,Anna-diana Crace,acrace26@unc.edu,+380 (152) 554-9535,Stari Bohorodchany
80,Juanita Yeates,jyeates27@un.org,+57 (308) 532-2292,Chivor
81,Cordie Sally,csally28@buzzfeed.com,+977 (205) 741-0753,Rājbirāj
82,Augustina Storch,astorch29@com.com,+86 (595) 685-1797,Sankoutang
83,Domini Knobell,dknobell2a@cyberchimps.com,+1 (331) 853-2577,Mount Pearl
84,Koren Seden,kseden2b@webnode.com,+1 (408) 786-6843,San Jose
85,Kristien Olney,kolney2c@themeforest.net,+970 (525) 962-0282,Al Mazra‘ah ash Sharqīyah
86,Seumas Walkingshaw,swalkingshaw2d@dailymail.co.uk,+86 (258) 859-9960,Gaozhou
87,Allina Dabel,adabel2e@oracle.com,+55 (244) 818-6261,Campo Largo
88,Jaime Currington,jcurrington2f@webs.com,+62 (957) 502-5207,Karangora
89,Linnea Alliberton,lalliberton2g@hatena.ne.jp,+504 (523) 986-3474,Ciudad Choluteca
90,Gradey Elcox,gelcox2h@cnbc.com,+48 (644) 134-7832,Rydułtowy
91,Hamish Songhurst,hsonghurst2i@rakuten.co.jp,+62 (228) 470-9921,Kalapanunggal
92,Kiri Tumilson,ktumilson2j@slate.com,+86 (913) 804-5364,Caobi
93,Biddie Camelli,bcamelli2k@lulu.com,+66 (591) 779-0828,Bueng Kan
94,Benedicto Upstell,bupstell2l@house.gov,+7 (685) 778-1036,Dmitriyevka
95,Worthy Micklewright,wmicklewright2m@360.cn,+371 (485) 840-8465,Viļaka
96,Kessiah Tatham,ktatham2n@123-reg.co.uk,+1 (705) 471-2718,Stettler
97,Jillene Robbey,jrobbey2o@berkeley.edu,+46 (309) 600-3525,Svenljunga
98,Carolynn Waters,cwaters2p@flickr.com,+62 (765) 355-7740,Sumberkrajan
99,Meridel Davidowsky,mdavidowsky2q@huffingtonpost.com,+55 (617) 824-7929,Taiobeiras
100,Reeta Mayoral,rmayoral2r@angelfire.com,+86 (323) 401-2058,Licheng
101,Shirleen Piddock,spiddock2s@eepurl.com,+62 (500) 675-5748,Baratleke
102,Kacey Slingsby,kslingsby2t@newsvine.com,+81 (496) 646-3443,Miharu
103,Mag Raybould,mraybould2u@huffingtonpost.com,+1 (102) 188-6283,Barraute
104,Egbert Bartoshevich,ebartoshevich2v@live.com,+33 (888) 781-7065,Caen
105,Grady Syvret,gsyvret2w@jigsy.com,+63 (187) 101-9524,Granada
106,Susanna Speedy,sspeedy2x@army.mil,+967 (901) 285-4887,Ash Sharyah
107,Maurice Stair,mstair2y@ihg.com,+86 (641) 876-1994,Houzhai
108,Kile Balazin,kbalazin2z@tiny.cc,+86 (479) 240-7315,Caomiao
109,Giacinta Korf,gkorf30@businessweek.com,+81 (906) 320-9820,Kashima-shi
110,Lazar Farron,lfarron31@moonfruit.com,+86 (972) 391-0864,Dagou
111,Caryl O'Geneay,cogeneay32@stumbleupon.com,+55 (862) 691-0612,Miguelópolis
112,Rudd Smeeth,rsmeeth33@msu.edu,+86 (152) 135-0536,Luzhai
113,Ortensia Goundry,ogoundry34@mac.com,+7 (123) 975-0956,Rezh
114,Breena McCroary,bmccroary35@nature.com,+420 (949) 340-7662,Jindřichov
115,Truda Struttman,tstruttman36@newsvine.com,+56 (516) 709-7558,Curanilahue
116,Alameda Hickeringill,ahickeringill37@constantcontact.com,+505 (458) 738-4015,Bonanza
117,Jock Smeaton,jsmeaton38@berkeley.edu,+86 (122) 108-2100,Xinghua
118,Lorette Littell,llittell39@vimeo.com,+86 (807) 436-9384,Lidun
119,Ebony Morit,emorit3a@sakura.ne.jp,+62 (661) 754-8673,Oebai
120,Germain Garretson,ggarretson3b@artisteer.com,+968 (789) 877-5648,Bidbid
121,Guenevere Cobbledick,gcobbledick3c@nature.com,+86 (694) 249-0664,Denglong
122,Melania Ailmer,mailmer3d@cocolog-nifty.com,+230 (215) 582-2770,Arsenal
123,Conant Jopp,cjopp3e@ibm.com,+57 (263) 526-2059,Circasia
124,Anthony Embleton,aembleton3f@instagram.com,+55 (861) 642-4751,Dom Pedrito
125,Richard Apdell,rapdell3g@nyu.edu,+54 (747) 766-6765,Córdoba
126,Odella Dunk,odunk3h@cbslocal.com,+54 (663) 837-0076,Hernando
127,Dorey Scollan,dscollan3i@free.fr,+86 (194) 551-9350,Xiangshui
128,Stephannie McKelvie,smckelvie3j@craigslist.org,+351 (806) 380-6856,Alpedrinha
129,Sophi Toffetto,stoffetto3k@jiathis.com,+353 (989) 997-0116,Boyle
130,Urbanus Jelly,ujelly3l@joomla.org,+249 (101) 140-0779,Tokār
131,Cristabel Snasel,csnasel3m@twitpic.com,+1 (256) 745-3846,Huntsville
132,Lani Petras,lpetras3n@scribd.com,+7 (947) 199-7086,Zarya
133,Jordain Bamford,jbamford3o@dedecms.com,+48 (642) 670-2450,Połaniec
134,Luz Brunotti,lbrunotti3p@ted.com,+7 (379) 868-9938,Khatanga
135,Lauri Van De Cappelle,lvan3q@rakuten.co.jp,+55 (386) 468-7205,Matelândia
136,Shelba Bletso,sbletso3r@cbsnews.com,+63 (888) 848-8438,Calatrava
137,Germaine Gentry,ggentry3s@edublogs.org,+86 (825) 830-5260,Dongbang
138,Orton Francescozzi,ofrancescozzi3t@japanpost.jp,+967 (296) 639-3576,Aş Şafaqayn
139,Jayme Espie,jespie3u@businessweek.com,+62 (693) 705-9690,Tambakan
140,Happy Simco,hsimco3v@jimdo.com,+963 (425) 438-9146,Khān Shaykhūn
141,Kort Siccombe,ksiccombe3w@gmpg.org,+63 (840) 224-5977,San Fernando
142,Suki Kinder,skinder3x@cocolog-nifty.com,+420 (572) 462-1642,Fulnek
143,Alvie Velte,avelte3y@stanford.edu,+7 (613) 284-2060,Volodarsk
144,Kimmie Kellaway,kkellaway3z@dedecms.com,+63 (132) 561-3600,New Pandanon
145,Almeria Withey,awithey40@tiny.cc,+1 (336) 601-5756,Chalan Pago-Ordot Village
146,Zack Alston,zalston41@microsoft.com,+33 (781) 503-3652,Orsay
147,Justis Gerardot,jgerardot42@virginia.edu,+355 (193) 125-5315,Ersekë
148,Caitrin Dady,cdady43@aboutads.info,+351 (153) 540-5855,Orvalho
149,Martha Pirdue,mpirdue44@cnbc.com,+86 (727) 439-7070,Gaokan
150,Worth Witcombe,wwitcombe45@pcworld.com,+380 (444) 438-4165,Tsyurupyns’k
151,Kenn Draijer,kdraijer46@nyu.edu,+86 (205) 534-6366,Longping
152,Coriss Chick,cchick47@walmart.com,+507 (880) 623-9430,La Palma
153,Isidro Bonnar,ibonnar48@people.com.cn,+967 (224) 117-2455,Saḩab
154,Lesli Hrihorovich,lhrihorovich49@hubpages.com,+1 (209) 941-1441,Fresno
155,Netti Hutchason,nhutchason4a@archive.org,+86 (353) 835-7151,Hengling
156,Temple Seery,tseery4b@omniture.com,+62 (635) 920-8979,Pule
157,Eba Crenage,ecrenage4c@diigo.com,+385 (419) 600-2149,Bilice
158,Christabel Cosser,ccosser4d@printfriendly.com,+84 (129) 990-6814,Thị Trấn Nguyên Bình
159,Welsh Hallum,whallum4e@un.org,+234 (194) 544-0497,Batsari
160,Ike Jentgens,ijentgens4f@epa.gov,+86 (534) 598-0598,Panxi
161,Milissent Lavers,mlavers4g@networksolutions.com,+55 (331) 644-7099,Cruz das Almas
162,Baily Gave,bgave4h@xinhuanet.com,+502 (741) 308-6909,Acatenango
163,Borden Licence,blicence4i@msu.edu,+46 (573) 953-5460,Tingsryd
164,Lynde Youel,lyouel4j@about.me,+593 (651) 865-8882,La Libertad
165,Thoma Dincey,tdincey4k@alibaba.com,+86 (102) 960-8914,Shangbahe
166,Ros Bickerdyke,rbickerdyke4l@hud.gov,+93 (812) 102-9968,Māymay
167,Rennie Lovitt,rlovitt4m@washington.edu,+376 (119) 826-9595,la Massana
168,Paulina Dodsley,pdodsley4n@hp.com,+374 (684) 442-8777,Maralik
169,Nata Bertelet,nbertelet4o@istockphoto.com,+84 (424) 707-0061,Cầu Giấy
170,Tiertza Simkovitz,tsimkovitz4p@geocities.jp,+55 (505) 954-4911,Arcoverde
171,Larry Friar,lfriar4q@ucoz.ru,+55 (973) 403-4228,Cachoeirinha
172,Eydie Storrs,estorrs4r@thetimes.co.uk,+91 (681) 254-1177,Sadar Bazar
173,Prescott Riccardo,priccardo4s@slate.com,+255 (216) 178-4075,Kintinku
174,Rollins Swithenby,rswithenby4t@theatlantic.com,+55 (361) 297-3036,Passos
175,Torrin Haney,thaney4u@irs.gov,+62 (842) 613-8621,Jabungsisir
176,Cory Seeviour,cseeviour4v@nba.com,+49 (131) 805-5832,Hannover
177,Darb Hince,dhince4w@columbia.edu,+7 (385) 621-6255,Topchikha
178,Alfons Whittier,awhittier4x@washingtonpost.com,+62 (740) 627-6635,Kokop
179,Dolorita Alps,dalps4y@ebay.co.uk,+505 (459) 588-1744,Chichigalpa
180,Reggie Wareham,rwareham4z@netlog.com,+33 (303) 247-5890,Annonay
181,Donni Darrington,ddarrington50@myspace.com,+505 (303) 159-4307,Matagalpa
182,Nance Vannet,nvannet51@desdev.cn,+57 (851) 594-2236,Baranoa
183,Windham Folds,wfolds52@soup.io,+86 (601) 510-2677,Guansheng
184,Carmelita Weedall,cweedall53@vinaora.com,+375 (879) 204-9121,Dokshytsy
185,Veda Karlolak,vkarlolak54@economist.com,+62 (867) 797-5945,Sasar
186,Ambrosi Lavens,alavens55@imgur.com,+53 (674) 716-4245,Cumanayagua
187,Zacherie Horstead,zhorstead56@cnbc.com,+86 (442) 936-7079,Bianxiong
188,Aldridge Berringer,aberringer57@cbsnews.com,+86 (553) 339-2543,Guohe
189,Clementina Maddigan,cmaddigan58@hud.gov,+57 (747) 927-9789,Buenavista
190,Creight De Souza,cde59@google.cn,+33 (219) 686-7700,Montigny-lès-Metz
191,Leeanne Croxley,lcroxley5a@independent.co.uk,+86 (677) 798-3941,Gengwan
192,Lorena Brent,lbrent5b@google.co.uk,+351 (323) 212-9086,Alpiarça
193,Bunny Athow,bathow5c@boston.com,+351 (812) 866-5049,Cancela
194,Barnabe Filippi,bfilippi5d@kickstarter.com,+81 (533) 880-4691,Sapporo
195,Alva Drinkel,adrinkel5e@salon.com,+46 (158) 381-8092,Örebro
196,Miner Loveredge,mloveredge5f@yellowpages.com,+33 (348) 694-6997,Reims
197,Alexia Eagling,aeagling5g@mac.com,+86 (139) 859-8334,Dangmu
198,Gael Handscombe,ghandscombe5h@imageshack.us,+51 (669) 560-4886,Yungay
199,Benny Kroin,bkroin5i@washington.edu,+86 (719) 813-2608,Chang’an
200,Anatola Bissill,abissill5j@diigo.com,+7 (836) 979-4303,Yamkino
201,Magdaia Essame,messame5k@si.edu,+62 (476) 113-4213,Waepau
202,Barb Delhanty,bdelhanty5l@wix.com,+86 (741) 585-2168,Gaoxing
203,Amandy Brooksby,abrooksby5m@webnode.com,+86 (455) 324-9117,Hualongyan
204,Eduardo Challicombe,echallicombe5n@ifeng.com,+86 (806) 674-6073,Xiaozhoushan
205,Ester Branthwaite,ebranthwaite5o@privacy.gov.au,+81 (336) 707-4438,Minami-rinkan
206,Kala Grubb,kgrubb5p@feedburner.com,+351 (715) 300-2701,Ribeira das Taínhas
207,Kevin Hardington,khardington5q@google.com.hk,+62 (609) 294-4795,Jambean
208,Bernelle Vlahos,bvlahos5r@gizmodo.com,+420 (148) 894-1842,Zátor
209,Cordie Benford,cbenford5s@printfriendly.com,+27 (325) 556-3482,Heidelberg
210,Shay Rothon,srothon5t@mozilla.com,+7 (217) 220-2378,Amurzet
211,Diahann July,djuly5u@amazon.co.uk,+86 (512) 284-3454,Lingbei
212,Kori Hempshall,khempshall5v@surveymonkey.com,+62 (200) 488-7200,Krajan Tambakrejo
213,Marina Berkowitz,mberkowitz5w@github.io,+237 (239) 723-9171,Somié
214,Robin McSwan,rmcswan5x@ftc.gov,+503 (479) 518-4377,Berlín
215,Nataline Lowrie,nlowrie5y@hud.gov,+98 (677) 229-6181,Solţānābād
216,Gay Gladwish,ggladwish5z@auda.org.au,+63 (514) 497-2264,Tacurong
217,Nicky Brims,nbrims60@themeforest.net,+51 (754) 782-2933,Huaribamba
218,Sella Cloutt,scloutt61@theatlantic.com,+380 (372) 219-9379,Milove
219,Barnabas Plitz,bplitz62@smugmug.com,+86 (638) 927-0684,Sanshan
220,Genevra Nickels,gnickels63@w3.org,+36 (449) 246-8356,Budapest
221,Minne Sibbe,msibbe64@ed.gov,+266 (292) 760-1890,Quthing
222,Sammy McPartling,smcpartling65@live.com,+86 (781) 359-8020,Yueyang
223,Molli Lebreton,mlebreton66@sina.com.cn,+353 (512) 493-8319,Dún Laoghaire
224,Alvera Richard,arichard67@slate.com,+86 (599) 925-6065,Xiaojiangba
225,Billye Aucoate,baucoate68@parallels.com,+57 (673) 369-1349,Magangué
226,Gothart Schenfisch,gschenfisch69@istockphoto.com,+27 (818) 970-2550,Pongola
227,Yvonne Scorton,yscorton6a@mac.com,+62 (430) 762-4396,Kampungbaru
228,Calvin Callaway,ccallaway6b@sitemeter.com,+63 (788) 718-5720,Alilem
229,Stinky Uphill,suphill6c@printfriendly.com,+62 (772) 492-1805,Puncakmanis
230,Horatio De Pietri,hde6d@aol.com,+86 (223) 266-2511,Lianghu
231,Colman McShea,cmcshea6e@mac.com,+48 (583) 631-7599,Lubień
232,Giana Uzielli,guzielli6f@scribd.com,+81 (461) 999-4175,Hachiōji
233,Celestyn Rennox,crennox6g@msu.edu,+62 (701) 914-6210,Kadipaten
234,Demetria Moyers,dmoyers6h@360.cn,+1 (519) 602-9218,Havre-Saint-Pierre
235,Allie Millson,amillson6i@upenn.edu,+254 (922) 326-7702,Kisii
236,Hollyanne Drummer,hdrummer6j@oracle.com,+81 (140) 246-4571,Nagano-shi
237,Charlena Cheyenne,ccheyenne6k@dagondesign.com,+420 (598) 449-1384,Herálec
238,Grier Treweela,gtreweela6l@telegraph.co.uk,+86 (536) 884-4827,Dongjian
239,Thom Brookton,tbrookton6m@ebay.com,+48 (854) 388-9181,Bodzechów
240,Faunie Bladen,fbladen6n@hud.gov,+1 (205) 588-1516,Birmingham
241,Ephraim Mews,emews6o@chronoengine.com,+86 (973) 300-0037,Dabagou
242,Michail Calloway,mcalloway6p@intel.com,+1 (217) 255-4171,Champaign
243,Hammad Reeman,hreeman6q@people.com.cn,+98 (174) 609-3427,Qeshm
244,Gwenore Hemphrey,ghemphrey6r@marketwatch.com,+86 (457) 696-3405,Shuangshan
245,Jemmie Axston,jaxston6s@cisco.com,+86 (647) 330-3465,Shanghuang
246,Parrnell Dudlestone,pdudlestone6t@un.org,+51 (857) 933-9159,Usicayos
247,Gaylord Gronaver,ggronaver6u@fema.gov,+63 (400) 656-3975,San Ramon
248,Minny Tumini,mtumini6v@telegraph.co.uk,+51 (223) 358-7067,Huasahuasi
249,Auberta Troy,atroy6w@time.com,+62 (429) 526-8740,Lamatuka
250,Bernardo Bernardinelli,bbernardinelli6x@imdb.com,+62 (433) 933-7536,Fatufaun
251,Elaine Wandrach,ewandrach6y@timesonline.co.uk,+216 (518) 683-2299,Majāz al Bāb
252,Robert Nacey,rnacey6z@wufoo.com,+46 (664) 113-6192,Nyköping
253,Derwin McIlwraith,dmcilwraith70@bluehost.com,+82 (801) 156-2606,Osan
254,Elwood Skill,eskill71@twitpic.com,+234 (486) 410-8022,Ibadan
255,Eduardo Stratiff,estratiff72@cam.ac.uk,+375 (535) 948-9353,Syanno
256,Scotti Brislawn,sbrislawn73@kickstarter.com,+63 (665) 103-2386,Tubigan
257,Isa Foye,ifoye74@msu.edu,+86 (739) 381-8355,Yunlu
258,Palmer Crosthwaite,pcrosthwaite75@wikipedia.org,+7 (974) 677-9720,Talnakh
259,Torr Forten,tforten76@msn.com,+63 (861) 321-4724,Guisijan
260,Esta Grute,egrute77@google.com.br,+27 (949) 802-9320,Postmasburg
261,Tedd Emeline,temeline78@ovh.net,+27 (150) 405-6174,Delmas
262,Winston McParland,wmcparland79@chicagotribune.com,+7 (765) 907-1935,Kastornoye
263,Maryl Burkill,mburkill7a@theatlantic.com,+502 (481) 865-0121,Lívingston
264,Rivy Schuchmacher,rschuchmacher7b@stanford.edu,+62 (889) 409-3092,Gontar
265,Nahum Dorrell,ndorrell7c@rakuten.co.jp,+86 (700) 877-3381,Zongga
266,Katrinka Yantsurev,kyantsurev7d@cisco.com,+48 (436) 361-5735,Roczyny
267,Karissa Wagon,kwagon7e@discuz.net,+1 (946) 182-1871,Saint John
268,Hamnet Lumbers,hlumbers7f@springer.com,+66 (116) 682-3786,San Pa Tong
269,Ramon Dupoy,rdupoy7g@usnews.com,+255 (237) 216-9145,Ndungu
270,Evangelina Winscomb,ewinscomb7h@diigo.com,+212 (529) 961-8385,Skoura
271,Marmaduke Schruyer,mschruyer7i@goo.gl,+86 (444) 910-5662,Wangchang
272,Christal Woolger,cwoolger7j@myspace.com,+1 (963) 139-3418,Ferme-Neuve
273,Caldwell Walstow,cwalstow7k@clickbank.net,+86 (206) 984-7209,Libu
274,Carolann Manz,cmanz7l@instagram.com,+86 (400) 527-6872,Xuedian
275,Randall Panniers,rpanniers7m@tripadvisor.com,+62 (284) 424-2805,Bajingmeduro
276,Zebulon Grenville,zgrenville7n@cnbc.com,+1 (860) 960-2697,Hartford
277,Mattie Gioan,mgioan7o@vkontakte.ru,+86 (451) 365-7747,Jibu Hulangtu
278,Claudian McLaggan,cmclaggan7p@fc2.com,+62 (253) 985-4608,Wolomoni
279,Anjanette Stanley,astanley7q@phoca.cz,+66 (181) 942-1101,Nakhon Pathom
280,Berke Chafer,bchafer7r@unicef.org,+86 (930) 684-7573,Zhoupi
281,Karmen Kayley,kkayley7s@godaddy.com,+86 (781) 632-8970,Rendui
282,Galen Verecker,gverecker7t@stumbleupon.com,+86 (474) 379-2743,Chonglou
283,Barbey Costigan,bcostigan7u@ted.com,+216 (888) 296-8651,Douane
284,Sandy Gebuhr,sgebuhr7v@mlb.com,+86 (208) 752-8792,Huangbao
285,Cletus Grewes,cgrewes7w@psu.edu,+509 (493) 956-1516,Petite Rivière de Nippes
286,Zea Wickey,zwickey7x@yandex.ru,+503 (966) 243-9131,Santiago de María
287,Abra Caldairou,acaldairou7y@blinklist.com,+86 (134) 563-1759,Yueyahe
288,Rebecca Haggeth,rhaggeth7z@apple.com,+7 (837) 408-1764,Verkhniy Mamon
289,Larina Briston,lbriston80@google.cn,+51 (247) 360-5813,Olmos
290,Wini Luckhurst,wluckhurst81@cnet.com,+355 (721) 600-7718,Steblevë
291,Onfre Gulliver,ogulliver82@utexas.edu,+976 (511) 940-5743,Chonogol
292,Mimi Armes,marmes83@360.cn,+62 (478) 356-9984,Dalududalu
293,Wanids De Malchar,wde84@acquirethisname.com,+236 (339) 425-5279,Batangafo
294,Sven Purves,spurves85@clickbank.net,+81 (899) 324-7210,Uchimaru
295,Tanney Batchley,tbatchley86@cmu.edu,+33 (925) 592-6550,Valence
296,Elfreda Sprowle,esprowle87@networksolutions.com,+27 (660) 677-9935,Delmas
297,Liane Guy,lguy88@weibo.com,+972 (314) 272-9703,Bene 'Ayish
298,Kendrick Foxcroft,kfoxcroft89@spiegel.de,+52 (500) 972-5962,Santa Cecilia
299,Ricca Purse,rpurse8a@123-reg.co.uk,+420 (458) 247-5575,Lelekovice
300,Haley Cowper,hcowper8b@nih.gov,+62 (740) 549-4607,Cirangkong
301,Meridith Doidge,mdoidge8c@weibo.com,+48 (491) 884-9269,Pępowo
302,Mona Newlove,mnewlove8d@cmu.edu,+62 (791) 539-3866,Babakan
303,Preston Polfer,ppolfer8e@sbwire.com,+63 (295) 196-7576,Sampaloc
304,Georgeta Thow,gthow8f@bandcamp.com,+86 (990) 337-1148,Jiaozuo
305,Mabel Wegman,mwegman8g@harvard.edu,+386 (258) 254-7620,Slovenske Konjice
306,Franklin Eaken,feaken8h@fastcompany.com,+380 (486) 688-5461,Luts’k
307,Fawn Mettrick,fmettrick8i@seattletimes.com,+86 (403) 418-3523,Bayart Huxu
308,Sydelle Studdert,sstuddert8j@ning.com,+86 (684) 677-7930,Qi’an
309,Judd Curnokk,jcurnokk8k@ucla.edu,+386 (416) 856-5112,Legen
310,Meggi Stanney,mstanney8l@webeden.co.uk,+86 (817) 791-5093,Zhuanshui
311,Kyle Kohrt,kkohrt8m@pagesperso-orange.fr,+62 (375) 856-6124,Langsa
312,Eliot Shire,eshire8n@ucoz.com,+48 (874) 466-7255,Sępopol
313,Gayle Lyosik,glyosik8o@newsvine.com,+380 (781) 573-1700,Apostolove
314,Slade Diggens,sdiggens8p@miibeian.gov.cn,+86 (451) 575-0402,Maji
315,Lannie Betteson,lbetteson8q@studiopress.com,+62 (228) 536-3040,Poja
316,Neall Janku,njanku8r@apache.org,+7 (340) 515-9787,Solnechnogorsk
317,Nicolle McClarence,nmcclarence8s@goo.gl,+55 (361) 864-4594,Astorga
318,Sumner Roughsedge,sroughsedge8t@miibeian.gov.cn,+234 (352) 353-7342,Keffin Hausa
319,Siana Richards,srichards8u@patch.com,+62 (561) 214-6276,Gajrug
320,Myrtle Daber,mdaber8v@addtoany.com,+48 (693) 225-4391,Daszewice
321,Dare Sebrens,dsebrens8w@bbc.co.uk,+374 (760) 255-4724,Balahovit
322,Renato Cominello,rcominello8x@tinyurl.com,+62 (397) 886-7147,Bukitkemuning
323,Tedra Burris,tburris8y@elegantthemes.com,+84 (307) 211-1189,Trảng Bom
324,Olwen Bawle,obawle8z@google.com.br,+86 (518) 554-1626,Xuefeng
325,Tabby Righy,trighy90@mail.ru,+86 (163) 931-5002,Dahao
326,Roxine Heinssen,rheinssen91@wix.com,+66 (620) 116-3441,Sam Phran
327,Max Struther,mstruther92@theguardian.com,+355 (337) 834-8154,Kukës
328,Doti Rosencwaig,drosencwaig93@umich.edu,+56 (209) 286-3744,Melipilla
329,Charmain Bolstridge,cbolstridge94@imageshack.us,+353 (684) 464-2041,Newmarket on Fergus
330,Hyatt Speer,hspeer95@hao123.com,+351 (243) 754-1876,Ajuda
331,Kandace Stove,kstove96@odnoklassniki.ru,+7 (357) 336-3774,Aksha
332,Jamal Kowalski,jkowalski97@imdb.com,+55 (825) 425-8204,Pacatuba
333,Timofei List,tlist98@smugmug.com,+86 (563) 285-0995,Juancheng
334,Eb Brickell,ebrickell99@de.vu,+380 (653) 964-4641,Zakupne
335,Kaine Gayter,kgayter9a@zdnet.com,+63 (641) 980-3941,Balud
336,Wini Roxbee,wroxbee9b@sfgate.com,+48 (981) 411-5026,Iława
337,Maryl Bambrugh,mbambrugh9c@apache.org,+7 (189) 148-7925,Kultayevo
338,Alberik Pury,apury9d@posterous.com,+63 (861) 697-3546,Balabagan
339,Benetta Tanner,btanner9e@phoca.cz,+351 (674) 357-1843,Mosteiros
340,Berrie Thorowgood,bthorowgood9f@independent.co.uk,+55 (670) 837-7331,Cambebba
341,Aubrie Patise,apatise9g@baidu.com,+55 (144) 191-0273,Espírito Santo do Pinhal
342,Myer Cogin,mcogin9h@nsw.gov.au,+62 (908) 521-9276,Sindang
343,Sadella Dodman,sdodman9i@home.pl,+62 (622) 230-5783,Sungairaya
344,Daune Dumingo,ddumingo9j@ihg.com,+62 (985) 925-8972,Kadudampit
345,Ogden Thurlby,othurlby9k@behance.net,+7 (647) 386-0966,Ulluaya
346,Godiva Buye,gbuye9l@google.co.jp,+86 (110) 624-8851,Pucheng
347,Enid Spurr,espurr9m@cnet.com,+86 (315) 423-0187,Jiangjing
348,Boonie Seely,bseely9n@imdb.com,+386 (890) 297-9375,Vitomarci
349,Carlie Viollet,cviollet9o@abc.net.au,+33 (544) 447-8417,Romans-sur-Isère
350,Rossie Bust,rbust9p@umich.edu,+86 (268) 739-6105,Huangwan
351,Darin Greenless,dgreenless9q@europa.eu,+48 (699) 864-0701,Rokitno
352,Obie Whaplington,owhaplington9r@bloglines.com,+86 (208) 494-2592,Handan
353,Fernando Tregidga,ftregidga9s@plala.or.jp,+82 (863) 843-1142,Songgang-dong
354,Mireielle Runnicles,mrunnicles9t@weather.com,+27 (976) 944-4760,Benoni
355,Constancy Cattrell,ccattrell9u@google.it,+63 (390) 843-6984,Buliok
356,Margi Deacock,mdeacock9v@indiegogo.com,+351 (947) 695-7424,Levandeira
357,Dorothee Cettell,dcettell9w@mtv.com,+1 (801) 537-8382,Ogden
358,Melisent Nelsey,mnelsey9x@bloglovin.com,+62 (205) 143-4432,Kasreman Wetan
359,Tyrus Kingwell,tkingwell9y@over-blog.com,+54 (670) 563-2670,La Paz
360,Michail Shurman,mshurman9z@yale.edu,+86 (513) 668-3780,Xiushan
361,Rhoda Antonikov,rantonikova0@boston.com,+7 (517) 778-3050,Luchegorsk
362,Guntar Manlow,gmanlowa1@yellowpages.com,+86 (426) 568-8572,Xiaolin
363,Tamarra McKerrow,tmckerrowa2@linkedin.com,+1 (941) 158-5759,Punta Gorda
364,Grazia Duetschens,gduetschensa3@naver.com,+48 (612) 785-9831,Dobra
365,Kearney Nicklinson,knicklinsona4@ucoz.ru,+7 (556) 160-0588,Kvartsitnyy
366,Marcella Dovington,mdovingtona5@linkedin.com,+54 (911) 564-4269,Campana
367,Saunderson Greenhow,sgreenhowa6@ustream.tv,+54 (311) 976-8162,Almafuerte
368,Ilysa Leggon,ileggona7@bizjournals.com,+62 (131) 865-4231,Sarirejo Satu
369,Ramonda Waberer,rwaberera8@seesaa.net,+222 (278) 289-7241,Rosso
370,Sibella MacTurlough,smacturlougha9@aboutads.info,+48 (959) 694-1439,Opatów
371,Zsa zsa Sarfas,zzsaaa@goo.gl,+967 (393) 290-9599,Laḩij
372,Kile Coling,kcolingab@baidu.com,+62 (418) 354-8196,Desa Werasari
373,Constantino Jennings,cjenningsac@netvibes.com,+54 (167) 879-8999,Santiago del Estero
374,Willetta Stiger,wstigerad@psu.edu,+51 (284) 278-7563,Ilo
375,Peder Bottby,pbottbyae@ucsd.edu,+1 (529) 452-9935,Lebel-sur-Quévillon
376,Jaimie Sandiland,jsandilandaf@slate.com,+7 (873) 483-6781,Povorino
377,Norine Pasque,npasqueag@indiatimes.com,+86 (646) 615-3672,Longshan
378,Carlyle Heersma,cheersmaah@so-net.ne.jp,+7 (173) 961-2683,Pytalovo
379,Mort Hansed,mhansedai@squarespace.com,+1 (516) 972-6250,New Hyde Park
380,Natty Brookzie,nbrookzieaj@geocities.jp,+27 (666) 570-2591,Bothaville
381,Calley Breffit,cbreffitak@nature.com,+55 (847) 291-9138,Almeirim
382,Mason Crockford,mcrockfordal@zdnet.com,+86 (897) 447-3348,Jiaokou
383,Bettina Rodrigues,brodriguesam@naver.com,+86 (695) 223-0621,Huikou
384,Katti Tookill,ktookillan@ow.ly,+48 (962) 234-5191,Przewóz
385,Leeanne Mowling,lmowlingao@dailymail.co.uk,+86 (234) 198-0602,Houping
386,Martainn Clutram,mclutramap@nyu.edu,+86 (634) 889-3254,Banqiao
387,Nertie Bransden,nbransdenaq@angelfire.com,+86 (156) 492-1529,Wugong
388,Vyky D'orsay,vdorsayar@hatena.ne.jp,+1 (915) 918-3984,El Paso
389,Leshia Toffano,ltoffanoas@amazon.de,+7 (385) 768-5159,Tsaritsyno
390,Payton Tevlin,ptevlinat@eventbrite.com,+86 (310) 128-7945,Guangang
391,Jacqueline Wood,jwoodau@hao123.com,+46 (845) 971-8249,Södertälje
392,Alicea Balma,abalmaav@istockphoto.com,+966 (541) 910-6117,Al Qurayn
393,Faydra Gainsford,fgainsfordaw@gmpg.org,+63 (317) 547-4498,Panalingaan
394,Harwell Goold,hgooldax@harvard.edu,+48 (777) 591-1601,Namysłów
395,Carlye Caris,ccarisay@issuu.com,+675 (638) 523-5852,Vanimo
396,Sybyl Moreno,smorenoaz@redcross.org,+62 (628) 146-2923,Ujungpangkah
397,Drucill Toolan,dtoolanb0@infoseek.co.jp,+62 (268) 257-1628,Cihaurbeuti
398,Charmain Filkov,cfilkovb1@ox.ac.uk,+33 (345) 270-9689,Nice
399,Aloin Reddecliffe,areddecliffeb2@ihg.com,+7 (805) 866-1192,Maykor
400,Johnathan Jochens,jjochensb3@slashdot.org,+46 (571) 455-7090,Hässleholm
401,Bowie Wormald,bwormaldb4@oaic.gov.au,+995 (963) 999-6613,Adigeni
402,Alec Attac,aattacb5@marriott.com,+55 (960) 191-9239,Araras
403,Ulysses Sherborn,usherbornb6@seattletimes.com,+963 (326) 963-0716,Qarqania
404,Fielding Hissie,fhissieb7@amazon.co.jp,+86 (694) 833-6850,Sishilichengzi
405,Prue Hayes,phayesb8@jimdo.com,+98 (457) 644-4768,Sardasht
406,Leesa Brute,lbruteb9@reverbnation.com,+358 (525) 378-7534,Hollola
407,Yoko Rafter,yrafterba@nyu.edu,+86 (124) 479-0728,Yanzhao
408,Bambi Biscomb,bbiscombbb@stanford.edu,+86 (646) 614-6678,Youxi
409,Thibaud Feldbrin,tfeldbrinbc@dropbox.com,+81 (698) 882-2509,Fujioka
410,Carrissa Sterrick,csterrickbd@salon.com,+245 (522) 222-8883,Gabú
411,Marsiella Oboy,moboybe@lycos.com,+1 (111) 311-9790,Stony Hill
412,Antonin Manthroppe,amanthroppebf@altervista.org,+54 (218) 463-3324,Unquillo
413,Gael Baskeyfield,gbaskeyfieldbg@skype.com,+66 (190) 775-5370,Phayuha Khiri
414,Phylis Zorzin,pzorzinbh@ocn.ne.jp,+351 (153) 663-1264,Belverde
415,Dareen Montgomery,dmontgomerybi@google.cn,+353 (981) 694-8831,Dún Laoghaire
416,Aguste Ghirigori,aghirigoribj@apple.com,+967 (258) 315-9379,Maswarah
417,Addie Laimable,alaimablebk@seattletimes.com,+62 (994) 131-1423,Kabor
418,Barbe Mountney,bmountneybl@chron.com,+7 (625) 364-4862,Otradnyy
419,Burt Chittleburgh,bchittleburghbm@sakura.ne.jp,+33 (626) 970-5814,Montélimar
420,Kaia Jumonet,kjumonetbn@icio.us,+63 (177) 570-7082,Bolilao
421,Lynne Wylder,lwylderbo@oakley.com,+86 (951) 569-2184,Shen’ao
422,Sawyer Hallitt,shallittbp@posterous.com,+62 (404) 386-6244,Mafa
423,Drucie Ciraldo,dciraldobq@woothemes.com,+375 (798) 100-0851,Baranovichi
424,Gustaf Fluck,gfluckbr@forbes.com,+86 (816) 909-5275,Zhongjiapu
425,Madelin Moulson,mmoulsonbs@businesswire.com,+86 (911) 371-8719,Yanhe
426,Jerrie Este,jestebt@scribd.com,+386 (405) 946-7608,Šmartno pri Litiji
427,Goldarina Purkess,gpurkessbu@chronoengine.com,+62 (790) 812-7211,Dayeuhluhur
428,Man Molineux,mmolineuxbv@who.int,+20 (543) 551-3504,Akhmīm
429,Jarrad Greaser,jgreaserbw@alibaba.com,+63 (222) 695-9457,Motrico
430,Marta Bysh,mbyshbx@cbslocal.com,+420 (691) 541-7109,Sokolnice
431,Vassily Winnard,vwinnardby@blinklist.com,+7 (648) 858-5206,Frolovo
432,Phyllida Campanelli,pcampanellibz@topsy.com,+7 (512) 679-9939,Zelenograd
433,Mella McGerraghty,mmcgerraghtyc0@lulu.com,+7 (525) 698-3539,Losino-Petrovskiy
434,Aubree Kuhnel,akuhnelc1@phoca.cz,+356 (625) 382-6062,Senglea
435,Ulrika Garard,ugarardc2@dion.ne.jp,+36 (292) 345-3151,Ózd
436,Joyous Eckford,jeckfordc3@msu.edu,+81 (586) 169-0367,Ōtake
437,Leticia Seals,lsealsc4@bigcartel.com,+1 (401) 444-2463,Providence
438,Torey Passingham,tpassinghamc5@sina.com.cn,+86 (930) 656-5208,Sanchahe
439,Riordan Serle,rserlec6@baidu.com,+358 (330) 902-3485,Kinnula
440,Archibald Vickery,avickeryc7@nymag.com,+55 (684) 212-9608,Itapicuru
441,Wynn Lathwood,wlathwoodc8@smh.com.au,+967 (505) 834-9622,Ash Sharyah
442,Evangelina Bilsborrow,ebilsborrowc9@cbc.ca,+7 (299) 426-6648,Starobachaty
443,Giralda Brosenius,gbroseniusca@auda.org.au,+57 (345) 966-8108,Anserma
444,Clarita McTear,cmctearcb@mit.edu,+86 (111) 171-9771,Shadui
445,Diane Killock,dkillockcc@studiopress.com,+354 (400) 275-4038,Vestmannaeyjar
446,Trumaine Durtnall,tdurtnallcd@phpbb.com,+62 (537) 718-1393,Halong
447,Barbaraanne Winn,bwinnce@uol.com.br,+218 (369) 113-2452,Hūn
448,Penelopa McNeachtain,pmcneachtaincf@google.co.jp,+224 (409) 155-6131,Tokonou
449,Godwin Bambridge,gbambridgecg@chron.com,+86 (168) 795-0518,Huanggang
450,Alexio Nana,ananach@shop-pro.jp,+7 (656) 883-0313,Rybinsk
451,Cassondra Scneider,cscneiderci@mapquest.com,+389 (561) 225-4698,Студеничани
452,Dorie O'Kennavain,dokennavaincj@clickbank.net,+234 (871) 514-6222,Uga
453,Nonnah Aujouanet,naujouanetck@sogou.com,+86 (717) 971-8481,Lanxi
454,Brand Samwyse,bsamwysecl@ustream.tv,+81 (845) 878-6633,Enzan
455,Gussy Morl,gmorlcm@miibeian.gov.cn,+62 (816) 634-5680,Semanding Barat
456,Avril Mattinson,amattinsoncn@msn.com,+86 (286) 952-0780,Lingquan
457,Annemarie Carvilla,acarvillaco@github.com,+55 (139) 103-1389,Macau
458,Ogdan Franz,ofranzcp@1688.com,+86 (496) 913-0401,Yangping
459,Camey Copplestone,ccopplestonecq@histats.com,+228 (255) 755-9383,Badou
460,Alene Legan,alegancr@google.pl,+55 (400) 226-3946,Cambé
461,Gerta Cotgrave,gcotgravecs@blogs.com,+86 (148) 542-7898,Guotan
462,Lovell Burn,lburnct@com.com,+66 (351) 419-2421,Chanthaburi
463,Torrin Karpe,tkarpecu@google.com.hk,+63 (765) 725-3844,Kabalen
464,Gilberta Kearn,gkearncv@ucoz.ru,+62 (216) 458-2826,Adirejo
465,Leonard Kenrat,lkenratcw@bing.com,+63 (404) 818-7608,Balayan
466,Muriel Pietz,mpietzcx@disqus.com,+994 (188) 228-1484,Sabunçu
467,Jeremie Bantick,jbantickcy@cpanel.net,+51 (936) 999-7543,Camilaca
468,Devin Conklin,dconklincz@indiatimes.com,+62 (573) 201-5134,Bugis
469,Noni Rowlin,nrowlind0@linkedin.com,+63 (550) 537-1538,Ronda
470,Mil Durrance,mdurranced1@stanford.edu,+86 (137) 308-2736,Futian
471,Bob Shah,bshahd2@nsw.gov.au,+7 (401) 176-0277,Popova
472,Arvie Houchen,ahouchend3@cisco.com,+62 (209) 661-8002,Dampek
473,Lavina Bumpus,lbumpusd4@taobao.com,+62 (929) 264-9575,Kertosari
474,Daren Pegden,dpegdend5@walmart.com,+62 (454) 320-5562,Wahai
475,Kyle Farrimond,kfarrimondd6@time.com,+86 (394) 565-9950,Jiucaigou
476,Penny Gunnell,pgunnelld7@mlb.com,+51 (855) 147-5463,Bretaña
477,Marlyn Troillet,mtroilletd8@wix.com,+212 (484) 755-9857,Tinghir
478,Selestina Cruess,scruessd9@npr.org,+351 (210) 705-4663,Arrepiado
479,Nertie Brittian,nbrittianda@constantcontact.com,+86 (408) 826-6238,Xiongjia
480,Heddie Bramo,hbramodb@shareasale.com,+46 (884) 467-8674,Västervik
481,Dolly Patershall,dpatershalldc@facebook.com,+86 (730) 507-3768,Changbao
482,Alard Alf,aalfdd@over-blog.com,+48 (967) 860-4990,Moryń
483,Rodolph Purvey,rpurveyde@wsj.com,+20 (117) 242-4107,Al Balyanā
484,Wilhelm Dy,wdydf@usgs.gov,+36 (658) 310-7049,Eger
485,Beryle Dunsire,bdunsiredg@cpanel.net,+7 (714) 501-8159,Shagonar
486,Robinett Tibbles,rtibblesdh@google.de,+62 (744) 959-3891,Ngrejo
487,Darrin Panther,dpantherdi@dedecms.com,+86 (385) 684-5958,Duru
488,Frederigo Heggs,fheggsdj@miibeian.gov.cn,+63 (803) 209-9036,Baclayon
489,Nanny Darkin,ndarkindk@washingtonpost.com,+63 (275) 191-0948,Agdangan
490,Hadleigh Deaton,hdeatondl@adobe.com,+48 (520) 800-6920,Kuczbork-Osada
491,Marybelle Pietsma,mpietsmadm@elegantthemes.com,+598 (372) 354-7161,Salto
492,Cathleen Beat,cbeatdn@fotki.com,+54 (334) 253-6181,Villa Santa Rosa
493,Arnaldo Hewins,ahewinsdo@youku.com,+33 (453) 778-9449,Villeneuve-la-Garenne
494,Aldis Danell,adanelldp@seattletimes.com,+63 (826) 943-1154,Polo
495,Brooke de Clercq,bdedq@trellian.com,+52 (981) 194-0871,Azteca
496,Aldo Havesides,ahavesidesdr@wisc.edu,+7 (605) 411-6082,Tomsk
497,Sindee Spinks,sspinksds@bloomberg.com,+63 (977) 122-1261,Capissayan Sur
498,Mareah Tayspell,mtayspelldt@bloglines.com,+1 (860) 672-4161,West Hartford
499,Faunie Dufore,fduforedu@irs.gov,+86 (682) 974-3980,Heshi
500,Margalo Ramplee,mrampleedv@issuu.com,+46 (341) 945-3936,Linköping
501,Glennis Woodrup,gwoodrupdw@cornell.edu,+235 (117) 122-6895,Bongor
502,Ethe Bagguley,ebagguleydx@comsenz.com,+55 (244) 532-2519,São Mateus
503,Maritsa Tummons,mtummonsdy@blogger.com,+86 (261) 291-3303,Yaotian
504,Shepherd Nevison,snevisondz@bigcartel.com,+63 (969) 223-8880,Kalawit
505,Laural Richarz,lricharze0@php.net,+62 (203) 821-7016,Koronganayam
506,Eve Sturgis,esturgise1@indiegogo.com,+98 (476) 558-6275,Tajrīsh
507,Cece Andreaccio,candreaccioe2@house.gov,+62 (304) 673-6057,Dungkek Laok
508,Alfy Weems,aweemse3@fastcompany.com,+1 (601) 682-5067,Jackson
509,Blanch Frankcomb,bfrankcombe4@arizona.edu,+52 (560) 444-0412,San Isidro
510,Grantham Fearnley,gfearnleye5@symantec.com,+57 (514) 547-7728,Villamaría
511,Myrilla Paull,mpaulle6@yellowpages.com,+236 (965) 425-1868,Birao
512,Francisco Crotty,fcrottye7@rakuten.co.jp,+86 (390) 227-4590,Bailai
513,Raff McMychem,rmcmycheme8@bluehost.com,+380 (196) 972-6820,Voyinka
514,Gina Franzolini,gfranzolinie9@unesco.org,+66 (808) 337-5779,Nan
515,Liuka Favel,lfavelea@homestead.com,+30 (590) 364-6544,Aravissós
516,Janis Lillee,jlilleeeb@360.cn,+7 (804) 631-3536,Kuvshinovo
517,Kristofer Aaron,kaaronec@de.vu,+381 (767) 602-9063,Kovilj
518,Min Patroni,mpatronied@nasa.gov,+46 (448) 835-5821,Ludvika
519,Bourke Kubyszek,bkubyszekee@taobao.com,+7 (463) 376-8568,Pankovka
520,Lily Sellek,lsellekef@mysql.com,+52 (226) 550-4145,Belisario Dominguez
521,Marcella Papworth,mpapwortheg@cnet.com,+351 (260) 949-5367,Além
522,Aurelea Peter,apetereh@dailymotion.com,+86 (665) 874-9843,Sanjie
523,Wernher Olivelli,wolivelliei@theatlantic.com,+970 (583) 422-2425,Az Zaytūnīyah
524,Laurice Judron,ljudronej@shutterfly.com,+39 (440) 996-2876,Trieste
525,Webster Worge,wworgeek@mail.ru,+423 (161) 389-6802,Schellenberg
526,Petunia McTerlagh,pmcterlaghel@ycombinator.com,+62 (125) 203-3616,Labuhan
527,Vikky Michell,vmichellem@intel.com,+86 (670) 151-7847,Hongqi
528,Beryl Andersen,bandersenen@twitpic.com,+94 (385) 670-5963,Trincomalee
529,Cordie Andreou,candreoueo@webnode.com,+7 (218) 525-6476,Velizh
530,Garrard McElvogue,gmcelvogueep@posterous.com,+86 (566) 437-5090,Baomin
531,Nat Farny,nfarnyeq@exblog.jp,+63 (133) 347-0500,Torrijos
532,Hamil Labbati,hlabbatier@eventbrite.com,+509 (769) 864-3920,Chambellan
533,Allan Franseco,afransecoes@bloglines.com,+46 (420) 638-5439,Kristinehamn
534,Zeb Breitler,zbreitleret@nhs.uk,+86 (328) 615-9775,Juzhen
535,Bendick Thamelt,bthamelteu@cpanel.net,+267 (206) 584-0901,Mogapi
536,Blayne Chiommienti,bchiommientiev@salon.com,+30 (422) 605-5166,Skalánion
537,Risa Fairall,rfairallew@facebook.com,+62 (122) 775-4580,Taraban Timur
538,Lauren Braidwood,lbraidwoodex@bandcamp.com,+48 (128) 801-5661,Bralin
539,Allianora Love,aloveey@liveinternet.ru,+1 (500) 937-9722,Baní
540,Yancy Crisell,ycrisellez@arstechnica.com,+86 (883) 469-0963,Jiefang
541,Marabel Wiz,mwizf0@google.com,+55 (328) 168-4032,São Fidélis
542,Allyson Colthurst,acolthurstf1@latimes.com,+55 (255) 802-7404,Estância Velha
543,Georas Screeton,gscreetonf2@arizona.edu,+86 (329) 529-7574,Ulan Hua
544,Ardis Claringbold,aclaringboldf3@webnode.com,+86 (587) 338-8374,Lipu
545,Johan Rubinovici,jrubinovicif4@networksolutions.com,+968 (591) 636-1167,Sufālat Samā’il
546,Gates Hammerstone,ghammerstonef5@cnbc.com,+212 (778) 933-8257,Sidi Qacem
547,Conrado Renac,crenacf6@oakley.com,+93 (929) 766-7068,Jalālābād
548,Alverta Labroue,alabrouef7@lulu.com,+48 (863) 655-5998,Odolanów
549,Mark Ingall,mingallf8@redcross.org,+1 (612) 493-4609,Saint Paul
550,Britteny Terese,bteresef9@a8.net,+46 (501) 130-6242,Sundsvall
551,Grantham Constantine,gconstantinefa@mit.edu,+46 (883) 332-6852,Stockholm
552,Lynda Strathman,lstrathmanfb@google.co.uk,+92 (356) 600-1656,Mātli
553,Tove Widdison,twiddisonfc@dailymail.co.uk,+1 (615) 498-0438,Nashville
554,Hirsch Cruxton,hcruxtonfd@list-manage.com,+86 (459) 261-7559,Xin’an
555,Revkah Batterham,rbatterhamfe@tamu.edu,+62 (276) 953-3345,Krajan
556,Rose Blewmen,rblewmenff@wp.com,+356 (588) 244-6959,Santa Venera
557,Creight Miskimmon,cmiskimmonfg@elegantthemes.com,+962 (680) 231-9695,‘Izrā
558,Emmerich Paxton,epaxtonfh@sciencedaily.com,+82 (160) 210-6314,Jinan-gun
559,Flory Cohen,fcohenfi@shutterfly.com,+62 (843) 292-8275,Bagikkedok Lauk
560,Stephanus Evamy,sevamyfj@lycos.com,+86 (936) 810-6801,Matou
561,Ingmar Wabey,iwabeyfk@aol.com,+86 (364) 999-9678,Doumuhu
562,Brittani Baldcock,bbaldcockfl@google.cn,+55 (688) 458-5859,Campinas
563,Shea Gavrielly,sgavriellyfm@wp.com,+7 (672) 581-5487,Tygda
564,Hollie Isson,hissonfn@flickr.com,+30 (107) 233-6074,Áyioi Apóstoloi
565,Marji Ballsdon,mballsdonfo@yahoo.co.jp,+62 (653) 987-3225,Gawanan
566,Cinderella Cavie,ccaviefp@t.co,+53 (992) 240-9852,Cabaiguán
567,Harri Lude,hludefq@icio.us,+62 (947) 841-5928,Genteng
568,Joaquin Rulf,jrulffr@goodreads.com,+48 (864) 575-9131,Reda
569,Ernst Grinston,egrinstonfs@blogspot.com,+7 (525) 555-1802,Shilovo
570,Aprilette McKeggie,amckeggieft@unesco.org,+86 (403) 541-0834,Daxinshao
571,Marice Selwin,mselwinfu@amazonaws.com,+351 (298) 757-4432,Bobadela
572,Kimmy Saunter,ksaunterfv@freewebs.com,+86 (193) 709-5784,Ganquan
573,Hedvige Ceyssen,hceyssenfw@blog.com,+7 (111) 563-8440,Annino
574,Yvor Kiernan,ykiernanfx@sakura.ne.jp,+86 (575) 261-7773,Shuangzhong
575,Verile Lead,vleadfy@seattletimes.com,+98 (373) 555-8330,Solţānābād
576,Iver Aloshkin,ialoshkinfz@gravatar.com,+54 (201) 566-3782,Villa Las Rosas
577,Peta Eger,pegerg0@artisteer.com,+62 (410) 853-1279,Wotan
578,Valera Wearing,vwearingg1@slate.com,+86 (441) 485-5040,Changlin
579,Saunderson Pittaway,spittawayg2@aol.com,+81 (257) 332-3092,Nakamura
580,Ivie Oldacre,ioldacreg3@deliciousdays.com,+86 (381) 682-8728,Nanyuan
581,Darrick Swinley,dswinleyg4@shutterfly.com,+62 (180) 975-5815,Pengandonan
582,Ahmed Pickrell,apickrellg5@cmu.edu,+63 (300) 126-5608,Santo Niño
583,Lorie Hedan,lhedang6@over-blog.com,+55 (729) 999-0619,Porteirinha
584,Quentin Elphinston,qelphinstong7@hibu.com,+63 (322) 478-5183,San Jacinto
585,Martie Wellwood,mwellwoodg8@rediff.com,+216 (920) 148-8679,Sahline
586,Kimbra Wardhaw,kwardhawg9@technorati.com,+86 (127) 150-1553,Luohe
587,Gilberto Cana,gcanaga@gizmodo.com,+62 (887) 991-8163,Lengkongjaya
588,Amberly O'Mullally,aomullallygb@usgs.gov,+62 (676) 795-5280,Tebluru
589,Enid Exon,eexongc@ibm.com,+54 (669) 400-3113,Firmat
590,Carlota Rigate,crigategd@bluehost.com,+49 (595) 505-4297,Cottbus
591,Rosie Gymlett,rgymlettge@newyorker.com,+33 (533) 297-3395,Montargis
592,Brewer Conti,bcontigf@opensource.org,+86 (112) 895-6425,Sihai
593,Batholomew Gilman,bgilmangg@chronoengine.com,+63 (279) 910-2947,Gabaldon
594,Patrizia Daveran,pdaverangh@army.mil,+48 (766) 749-7886,Dąbie
595,Kati Dallimare,kdallimaregi@samsung.com,+46 (415) 124-9612,Säffle
596,Maryann Vaen,mvaengj@spiegel.de,+967 (568) 900-3675,Al Maḩwīt
597,Fabe Murrow,fmurrowgk@yahoo.co.jp,+86 (469) 118-9709,Shengli
598,Ronny Goly,rgolygl@bravesites.com,+351 (633) 859-1760,Penedo
599,Steward Kornel,skornelgm@51.la,+30 (970) 369-6361,Livádion
600,Lawrence Matherson,lmathersongn@example.com,+63 (111) 881-6462,Mantampay
601,Howard Hartas,hhartasgo@symantec.com,+30 (609) 263-4945,Gaïtánion
602,Brandy Fayter,bfaytergp@sogou.com,+51 (927) 440-3165,El Carmen
603,Tedman Castell,tcastellgq@prnewswire.com,+387 (789) 204-4871,Pale
604,Ramon Sprowle,rsprowlegr@youku.com,+62 (406) 472-5451,Canga’an
605,Kathryn Beevers,kbeeversgs@freewebs.com,+967 (889) 322-9440,Ţawr al Bāḩah
606,Peyton Hulks,phulksgt@oaic.gov.au,+48 (293) 781-9792,Zgłobień
607,Ev Greenhalgh,egreenhalghgu@mac.com,+249 (647) 579-6570,Al Manāqil
608,Paulo Cranton,pcrantongv@mlb.com,+86 (807) 721-4259,Quchomo
609,Christoforo Sloy,csloygw@census.gov,+994 (721) 362-6968,Samur
610,Marion Harradine,mharradinegx@goodreads.com,+57 (427) 864-8803,Hobo
611,Adora Lorentzen,alorentzengy@google.com.au,+351 (468) 471-6701,Erada
612,Clotilda Walcher,cwalchergz@linkedin.com,+63 (534) 788-3974,Tikiw
613,Engracia Lynskey,elynskeyh0@dyndns.org,+7 (888) 595-7355,Dauriya
614,Faber McPhaden,fmcphadenh1@edublogs.org,+98 (991) 740-5346,Īz̄eh
615,Philbert Langdon,plangdonh2@trellian.com,+216 (101) 815-8733,Thala
616,Jaime Robertsen,jrobertsenh3@instagram.com,+86 (164) 929-2289,Wuxihe
617,Karim Middlebrook,kmiddlebrookh4@godaddy.com,+86 (780) 945-5978,Jiahu
618,Eran Ulyatt,eulyatth5@berkeley.edu,+86 (217) 316-6507,Wuping
619,Gregoor Skeete,gskeeteh6@ucoz.ru,+30 (159) 294-0568,Néa Róda
620,Ripley Ferrario,rferrarioh7@ustream.tv,+591 (752) 640-7921,Viloco
621,Melicent Hollingsby,mhollingsbyh8@spotify.com,+62 (951) 468-1679,Segong
622,Lotty Kirtland,lkirtlandh9@nytimes.com,+62 (803) 579-9401,Laju Kidul
623,Isaiah Casale,icasaleha@tumblr.com,+61 (462) 438-6836,Adelaide
624,Travis Feckey,tfeckeyhb@scientificamerican.com,+62 (854) 175-6173,Banjar Sambangan
625,Selinda Balcock,sbalcockhc@nyu.edu,+7 (826) 959-3929,Konëvo
626,Sharl Dod,sdodhd@vistaprint.com,+62 (726) 242-0514,Banyubang
627,Joly Lars,jlarshe@squidoo.com,+51 (209) 992-5069,Nueva Cajamarca
628,Madalena Mainstone,mmainstonehf@4shared.com,+33 (289) 710-2327,Reims
629,Cybill Carlens,ccarlenshg@wikispaces.com,+33 (184) 725-8945,Cavaillon
630,Torrin Kall,tkallhh@cmu.edu,+7 (210) 319-9974,Vereshchagino
631,Joelle Towsie,jtowsiehi@xing.com,+387 (211) 292-6478,Podbrdo
632,Kamilah Irvin,kirvinhj@sogou.com,+86 (570) 380-4180,Yihe
633,Doralyn Blodget,dblodgethk@freewebs.com,+49 (141) 855-7585,Nürnberg
634,Huey Whitticks,hwhittickshl@example.com,+63 (871) 483-4830,Dalupaon
635,Darci Tarquini,dtarquinihm@walmart.com,+380 (789) 950-8720,Ulanov
636,Megan Thrift,mthrifthn@drupal.org,+52 (472) 659-0729,La Cruz
637,Angelika Van den Oord,avanho@sohu.com,+54 (187) 344-6133,Huillapima
638,Milka Corradetti,mcorradettihp@princeton.edu,+33 (369) 777-5196,Tourcoing
639,Chrysler Soldi,csoldihq@epa.gov,+46 (726) 378-0972,Katrineholm
640,Waldo Wodham,wwodhamhr@squarespace.com,+351 (137) 853-5417,Matarraque
641,Jervis Bynold,jbynoldhs@admin.ch,+223 (853) 270-4849,Ansongo
642,Karna Garmanson,kgarmansonht@europa.eu,+351 (990) 456-4311,Lau
643,Brew Ellings,bellingshu@cam.ac.uk,+389 (711) 661-7244,Brvenica
644,Ardine Ducrow,aducrowhv@merriam-webster.com,+51 (687) 151-0772,Acarí
645,Willow Chimienti,wchimientihw@twitter.com,+351 (153) 870-2142,Casais de Vera Cruz
646,Liza McGarry,lmcgarryhx@a8.net,+92 (163) 820-7037,Malakwāl
647,Flor Cairney,fcairneyhy@smh.com.au,+86 (286) 289-6898,Kouzhen
648,Marylee Cargo,mcargohz@flavors.me,+685 (830) 132-5301,Nofoali‘i
649,Grady Enderlein,genderleini0@usatoday.com,+7 (502) 415-1735,Gryaznovskoye
650,Nikola Campanelle,ncampanellei1@earthlink.net,+81 (404) 843-2577,Yatsushiro
651,Howie Skewis,hskewisi2@unblog.fr,+55 (167) 514-9140,São Sebastião do Caí
652,Pollyanna Doniso,pdonisoi3@dailymail.co.uk,+54 (725) 359-2753,Chilecito
653,Stafford Glandon,sglandoni4@github.com,+1 (727) 316-3367,Saint Petersburg
654,Carly Tidmarsh,ctidmarshi5@marriott.com,+86 (906) 968-4147,Jinsha
655,Rahel Losel,rloseli6@deviantart.com,+375 (948) 468-6552,Yubilyeyny
656,Laraine Birtonshaw,lbirtonshawi7@sitemeter.com,+33 (343) 795-6190,Strasbourg
657,Katey Tome,ktomei8@irs.gov,+86 (140) 223-3504,Zhoutian
658,Eden Mardell,emardelli9@archive.org,+1 (770) 225-4773,Marietta
659,Carilyn Le Moucheux,cleia@mapquest.com,+46 (616) 917-0365,Gällivare
660,Sauncho Collumbine,scollumbineib@histats.com,+86 (325) 780-3820,Wanzhai
661,Bettine Smail,bsmailic@springer.com,+82 (458) 234-1736,Hwasun
662,Ami Tante,atanteid@mtv.com,+370 (561) 179-4124,Kuršėnai
663,Pablo Realph,prealphie@dagondesign.com,+351 (617) 558-6805,Manique de Baixo
664,Jany Yeoland,jyeolandif@vistaprint.com,+595 (331) 447-7429,Colonia Minga Porá
665,Sybilla MacColgan,smaccolganig@rediff.com,+86 (161) 773-3807,Huoshaoping
666,Gabriele Morefield,gmorefieldih@weibo.com,+86 (112) 149-7326,Changzhi
667,Andromache Mottini,amottiniii@pcworld.com,+33 (880) 209-3265,Rennes
668,Gracie Coolican,gcoolicanij@craigslist.org,+55 (755) 810-7861,Cataguases
669,Christine Le Teve,cleik@sun.com,+86 (810) 264-2066,Cuozhou
670,Enrique Domerque,edomerqueil@technorati.com,+51 (501) 421-9579,Jilili
671,Valida Skippen,vskippenim@cbc.ca,+7 (765) 423-7362,Rzhev
672,Cyrill Tidcombe,ctidcombein@google.ru,+687 (279) 613-6211,Canala
673,Corny Crosston,ccrosstonio@flickr.com,+51 (922) 415-5657,Barranca
674,Maxi Ropartz,mropartzip@accuweather.com,+62 (654) 998-3483,Bungereng
675,Laurens McPartling,lmcpartlingiq@marketwatch.com,+1 (997) 560-4096,Sainte-Adèle
676,Tamiko McLarens,tmclarensir@homestead.com,+372 (279) 235-0465,Pärnu-Jaagupi
677,Bobbette Water,bwateris@un.org,+1 (370) 247-7403,Hantsport
678,Theresina Huggon,thuggonit@cbslocal.com,+86 (900) 533-8330,Yuhe
679,Shanda Janecek,sjanecekiu@google.nl,+63 (147) 753-7604,Amucao
680,Shelden Dennehy,sdennehyiv@sun.com,+55 (948) 628-2173,Brumadinho
681,Dodi Renzullo,drenzulloiw@dion.ne.jp,+62 (541) 832-4149,Sindangkerta
682,Clayborn Kydd,ckyddix@tripod.com,+62 (565) 962-4195,Labuhansumbawa
683,Harp Delhay,hdelhayiy@ucla.edu,+1 (237) 144-2471,St. Catharines
684,Paulina Billington,pbillingtoniz@adobe.com,+63 (322) 707-1303,Sangali
685,Laural Hughesdon,lhughesdonj0@paginegialle.it,+27 (153) 251-7825,Piet Retief
686,Vale Purnell,vpurnellj1@topsy.com,+63 (695) 722-8291,Concepcion
687,Eyde Velasquez,evelasquezj2@weibo.com,+62 (757) 200-2209,Bhokadoke
688,Leela Joontjes,ljoontjesj3@so-net.ne.jp,+33 (453) 634-1920,Fécamp
689,Codie Scala,cscalaj4@unesco.org,+55 (437) 820-3875,Itupiranga
690,Tobie Valens-Smith,tvalenssmithj5@reverbnation.com,+54 (797) 711-5812,Inriville
691,Lishe Jephcott,ljephcottj6@oakley.com,+55 (709) 323-5147,Armação
692,Zora Minghi,zminghij7@dell.com,+46 (959) 847-9224,Linköping
693,Lonnie Bartels,lbartelsj8@huffingtonpost.com,+63 (931) 837-0788,Caburan
694,Lauritz Joddens,ljoddensj9@ycombinator.com,+1 (268) 306-0717,Cookshire-Eaton
695,See Zimek,szimekja@51.la,+51 (616) 382-1201,Pucara
696,Abeu Yushmanov,ayushmanovjb@lulu.com,+62 (869) 899-2400,Bakalang
697,Brant Milton-White,bmiltonwhitejc@symantec.com,+1 (345) 737-9791,Bridgetown
698,Roberta Drackford,rdrackfordjd@census.gov,+86 (451) 859-1450,Xiaopingba
699,Cherie Wernher,cwernherje@blinklist.com,+57 (582) 328-0006,Calarcá
700,Eleonora Andreou,eandreoujf@scribd.com,+62 (255) 136-8202,Kalapanunggal
701,Brent Alyutin,balyutinjg@altervista.org,+380 (268) 688-3249,Balta
702,Luis Cooling,lcoolingjh@lulu.com,+55 (755) 594-8863,Maués
703,Chas Darco,cdarcoji@posterous.com,+7 (616) 280-0854,Novoanninskiy
704,Gonzales Jurick,gjurickjj@g.co,+55 (857) 653-1090,Aquiraz
705,Tally Rigler,triglerjk@google.com.hk,+63 (370) 275-8670,Kinatakutan
706,Koenraad Leon,kleonjl@miibeian.gov.cn,+7 (476) 603-6762,Pinyug
707,Byrle Tuft,btuftjm@liveinternet.ru,+7 (494) 340-9096,Admiralteisky
708,Dede Landis,dlandisjn@washingtonpost.com,+509 (117) 269-6743,Belle-Anse
709,Liv MacCauley,lmaccauleyjo@jiathis.com,+387 (516) 961-8414,Podbrdo
710,Blondelle Nyssen,bnyssenjp@walmart.com,+54 (291) 232-3603,Mariano Moreno
711,Marmaduke Benzies,mbenziesjq@taobao.com,+48 (340) 575-1694,Koronowo
712,Lynnet Thoresby,lthoresbyjr@wix.com,+27 (947) 836-2697,Tzaneen
713,Hersh Hovenden,hhovendenjs@rambler.ru,+62 (457) 209-3330,Selemadeg Kelod
714,Jourdan Perelli,jperellijt@furl.net,+86 (500) 614-1190,Taiyu
715,Jamaal Kwietak,jkwietakju@earthlink.net,+86 (955) 615-3536,Qingminghe
716,Annaliese McOnie,amconiejv@com.com,+86 (265) 490-9998,Xiashu
717,Karen Feldheim,kfeldheimjw@is.gd,+351 (367) 937-8073,Folques
718,Rasia Gear,rgearjx@themeforest.net,+1 (321) 147-4828,Pembroke
719,Alisha Brightman,abrightmanjy@netvibes.com,+46 (706) 662-6045,Huddinge
720,Tyne Oultram,toultramjz@360.cn,+55 (324) 756-9076,Chã Grande
721,Isadora Halliwell,ihalliwellk0@purevolume.com,+81 (826) 288-3407,Tōno
722,Asher Aslett,aaslettk1@patch.com,+86 (746) 536-1032,Jianlong
723,Truda Wiskar,twiskark2@geocities.jp,+420 (408) 874-5881,Velké Karlovice
724,Renee Powe,rpowek3@uol.com.br,+86 (490) 564-2329,Wangmeng
725,Cody Hargess,chargessk4@redcross.org,+84 (300) 551-2432,Thạnh Mỹ
726,Trina Macura,tmacurak5@archive.org,+62 (897) 235-4229,Cijayana
727,Ottilie Stockwell,ostockwellk6@businesswire.com,+81 (766) 986-4316,Kamojimachō-jōgejima
728,Candi Dingle,cdinglek7@photobucket.com,+86 (156) 212-2081,Shuiyang
729,Beck Piche,bpichek8@yale.edu,+86 (907) 196-0409,Yanhu
730,Emlen Stenning,estenningk9@psu.edu,+48 (686) 452-5764,Lubochnia
731,Shani Jeyness,sjeynesska@hostgator.com,+62 (974) 615-7813,Banjar Delodrurung
732,Edy Morter,emorterkb@google.de,+60 (409) 260-2507,Kuala Lumpur
733,Goldia Poat,gpoatkc@deliciousdays.com,+86 (775) 166-2366,Muzidian
734,Flinn Reddish,freddishkd@wix.com,+420 (689) 398-7201,Příbram
735,Griswold Woolland,gwoollandke@disqus.com,+63 (390) 587-9009,Medellin
736,Klara Jaze,kjazekf@ycombinator.com,+372 (999) 310-0686,Sindi
737,Alistair Graybeal,agraybealkg@buzzfeed.com,+387 (614) 707-4278,Stupari
738,Clary Eccott,ceccottkh@etsy.com,+33 (391) 510-9454,Angers
739,Cornela Claus,cclauski@ezinearticles.com,+86 (267) 228-5376,Nan’an
740,Trudey Lerer,tlererkj@freewebs.com,+970 (286) 440-1901,‘Abasān al Kabīrah
741,Carol Gradly,cgradlykk@engadget.com,+62 (534) 887-8444,Sukamaju
742,Ado Pruvost,apruvostkl@hugedomains.com,+86 (367) 702-1672,Xihe
743,Raviv Gainseford,rgainsefordkm@hp.com,+81 (925) 140-3907,Yachimata
744,Barton Frobisher,bfrobisherkn@chron.com,+34 (440) 282-0922,Valladolid
745,Teddi Castleman,tcastlemanko@wsj.com,+86 (142) 644-5533,Donglu
746,Alidia Dyet,adyetkp@stanford.edu,+389 (380) 424-7117,Gostivar
747,Frederica Croft,fcroftkq@canalblog.com,+351 (731) 609-1354,Ribeirão
748,Aloise Warde,awardekr@toplist.cz,+63 (789) 342-6319,San Francisco
749,Cristian Crompton,ccromptonks@geocities.com,+380 (480) 989-7899,Sambir
750,Mal Breawood,mbreawoodkt@cnbc.com,+55 (235) 433-5540,Franca
751,Fancie Glanvill,fglanvillku@buzzfeed.com,+62 (140) 143-1751,Cigintung
752,Dotti Halwood,dhalwoodkv@constantcontact.com,+256 (545) 882-2058,Sironko
753,Gus Haly,ghalykw@uiuc.edu,+234 (948) 611-9704,Talata Mafara
754,Bartlett Fruen,bfruenkx@wikispaces.com,+60 (495) 724-0773,Ipoh
755,Marillin Silby,msilbyky@printfriendly.com,+381 (782) 126-0949,Margita
756,Hilly Mollen,hmollenkz@ebay.com,+55 (511) 791-0880,Itaparica
757,Diane-marie Kolak,dkolakl0@blogs.com,+977 (173) 874-2139,Gaur
758,Manda Kevis,mkevisl1@bluehost.com,+55 (956) 144-3321,Areado
759,Samson McIlvaney,smcilvaneyl2@senate.gov,+86 (302) 361-2632,Aizi
760,Oneida Kits,okitsl3@nih.gov,+86 (770) 652-3583,Zhoushizhuang
761,Mendel Snowling,msnowlingl4@gizmodo.com,+962 (607) 282-8721,Ḩalāwah
762,Dorri Drinan,ddrinanl5@twitpic.com,+358 (778) 346-6863,Noormarkku
763,Gradeigh Kissack,gkissackl6@discuz.net,+86 (485) 536-1459,Boshi
764,Ricardo Lowless,rlowlessl7@ifeng.com,+380 (517) 154-1549,Sloboda
765,Denny Moloney,dmoloneyl8@netscape.com,+86 (678) 370-3094,Henggouqiao
766,Kingston Lickess,klickessl9@google.pl,+351 (524) 406-1424,Lugar Novo
767,Gypsy Kleanthous,gkleanthousla@microsoft.com,+86 (945) 209-9742,Zhucun
768,Emlynne Peizer,epeizerlb@drupal.org,+381 (942) 549-1111,Lazarevac
769,Dell Wagge,dwaggelc@google.cn,+62 (300) 443-5670,Nuamuzi
770,Sella Tottie,stottield@163.com,+31 (478) 842-4108,Apeldoorn
771,Abdul Nucator,anucatorle@printfriendly.com,+30 (929) 567-3970,Péfki
772,Tedd Blankenship,tblankenshiplf@techcrunch.com,+86 (822) 392-4596,Shengli
773,Ingamar Greensitt,igreensittlg@dagondesign.com,+86 (425) 683-6723,Sancang
774,Norbie Audrey,naudreylh@craigslist.org,+63 (397) 929-3682,Begang
775,Crista Silley,csilleyli@youtube.com,+48 (521) 398-5812,Augustów
776,Worden Newburn,wnewburnlj@pagesperso-orange.fr,+62 (832) 589-4468,Oepula
777,Gearalt Aleixo,galeixolk@amazon.co.uk,+62 (130) 280-0022,Munturkaju
778,Rivy Dayce,rdaycell@foxnews.com,+62 (170) 831-4826,Kaliterus
779,Gerianna Freiberg,gfreiberglm@storify.com,+992 (116) 616-6915,Vahdat
780,Celestyn Howson,chowsonln@xrea.com,+967 (914) 308-7857,As Sūq al Jadīd
781,Dominica Prestwich,dprestwichlo@jimdo.com,+30 (635) 162-3755,Vanáton
782,Galvin Farrow,gfarrowlp@fda.gov,+62 (209) 151-5320,Cigenca
783,Lexine Cobello,lcobellolq@meetup.com,+86 (890) 533-4264,Hongchang
784,Avram Lamlin,alamlinlr@webeden.co.uk,+63 (813) 491-8694,Ungus-Ungus
785,Sharai Petriello,spetriellols@mayoclinic.com,+62 (233) 379-4036,Kembangkerang Satu
786,Cathy Blesdill,cblesdilllt@slideshare.net,+98 (341) 605-6055,Jahrom
787,Annabelle O'Connolly,aoconnollylu@economist.com,+62 (306) 822-6525,Nao
788,Madeleine Spatari,mspatarilv@chron.com,+63 (339) 281-8110,Bangan-Oda
789,Kaile Babcock,kbabcocklw@uol.com.br,+63 (985) 743-5099,Bitin
790,Kassey Tetford,ktetfordlx@sfgate.com,+60 (711) 553-8277,Kuala Lumpur
791,Marybeth Duffin,mduffinly@dedecms.com,+1 (744) 392-5823,Daveluyville
792,Tiffanie Bougen,tbougenlz@mashable.com,+62 (996) 518-7133,Talon
793,Teirtza McQuillan,tmcquillanm0@bbc.co.uk,+86 (278) 329-4652,Daxing
794,Kayla Goter,kgoterm1@surveymonkey.com,+86 (226) 131-9680,Erong
795,Natka Dorning,ndorningm2@purevolume.com,+86 (621) 404-8785,Baiyun
796,Donavon Fleg,dflegm3@liveinternet.ru,+355 (645) 537-7343,Otllak
797,Juline Marcq,jmarcqm4@un.org,+55 (454) 436-6984,Picos
798,Granville Comer,gcomerm5@addthis.com,+86 (912) 910-9908,Jianjiang
799,Sidonia Kilbride,skilbridem6@house.gov,+86 (455) 658-2555,Boketu
800,Walt Eard,weardm7@arizona.edu,+351 (145) 204-0908,Campanário
801,Gerry Stranaghan,gstranaghanm8@booking.com,+7 (109) 968-8173,Konstantinovsk
802,Jayme Grimsey,jgrimseym9@sciencedirect.com,+62 (829) 113-8226,Dadaha
803,Porter Jursch,pjurschma@blogger.com,+66 (124) 216-9348,Bang Kruai
804,Tracy Wadeling,twadelingmb@upenn.edu,+255 (381) 961-2315,Mvomero
805,Gaven Cobleigh,gcobleighmc@marketwatch.com,+62 (794) 279-4691,Trasak
806,Gaspard Lammenga,glammengamd@ucoz.ru,+66 (830) 594-0745,Kao Liao
807,Chere Jowsey,cjowseyme@omniture.com,+62 (500) 905-0542,Haunubenak
808,Packston Tunder,ptundermf@unicef.org,+86 (444) 317-5183,Daxinshao
809,Nari Daintry,ndaintrymg@nytimes.com,+62 (957) 349-4806,Sumberjeruk
810,Dulcinea Cotmore,dcotmoremh@ucsd.edu,+33 (306) 241-5528,Chennevières-sur-Marne
811,Carmine Mitie,cmitiemi@netlog.com,+51 (307) 840-6194,Huasta
812,Cammy Blanc,cblancmj@deviantart.com,+964 (276) 891-1005,Nāḩīyat Saddat al Hindīyah
813,Ermentrude Bordessa,ebordessamk@nytimes.com,+63 (437) 415-4797,Bulasa
814,Merridie Bann,mbannml@blogtalkradio.com,+7 (919) 941-7674,Terek
815,Ignaz Fahy,ifahymm@amazon.co.jp,+351 (211) 235-4704,Charneca
816,Lefty Kloss,lklossmn@taobao.com,+63 (517) 456-8320,Union
817,Gearalt Colebrook,gcolebrookmo@dailymail.co.uk,+592 (767) 431-5034,Mahaica Village
818,Teodora Larciere,tlarcieremp@yandex.ru,+86 (940) 259-6670,Jiang’an
819,Eadith Doran,edoranmq@java.com,+86 (806) 660-9422,Xiaozhai
820,Marian Crump,mcrumpmr@europa.eu,+81 (223) 767-9313,Yuza
821,Aigneis O'Hallihane,aohallihanems@redcross.org,+86 (356) 626-7225,Chikan
822,Yorker Chasemore,ychasemoremt@senate.gov,+33 (173) 770-9375,Laval
823,Roman Thieme,rthiememu@blogs.com,+55 (213) 899-6913,Baixo Guandu
824,Peyton Lanktree,planktreemv@squidoo.com,+1 (214) 344-5786,Garland
825,Zachery Sherratt,zsherrattmw@booking.com,+63 (538) 334-3235,Banaybanay
826,Tera McEneny,tmcenenymx@jugem.jp,+380 (484) 564-5986,Lymanske
827,Thorny Rushbrook,trushbrookmy@topsy.com,+84 (995) 608-0905,Haiphong
828,Maridel Hairs,mhairsmz@w3.org,+380 (169) 824-0302,Plakhtiyivka
829,Brynna Tudbald,btudbaldn0@businessweek.com,+86 (928) 385-3225,Zhonghe
830,Fidel Niemetz,fniemetzn1@barnesandnoble.com,+420 (761) 203-0799,Kunvald
831,Norene Caveau,ncaveaun2@dropbox.com,+62 (179) 915-9807,Guwoterus
832,Denny Bullin,dbullinn3@buzzfeed.com,+1 (202) 927-5568,Washington
833,Nita Rosoman,nrosomann4@globo.com,+48 (852) 557-4476,Zambrów
834,Jessie Syseland,jsyselandn5@theatlantic.com,+57 (106) 267-3208,Sabanalarga
835,Bartolemo Chinnick,bchinnickn6@google.com.au,+47 (266) 745-6361,Moss
836,Carmine Gounin,cgouninn7@google.nl,+86 (657) 106-2731,Xinshui
837,Chuck Rattry,crattryn8@yahoo.co.jp,+62 (861) 899-0329,Maae
838,Eric Malkin,emalkinn9@go.com,+1 (214) 605-6868,Dallas
839,Corri Whitters,cwhittersna@tmall.com,+86 (829) 834-4204,Dunhao
840,Jessika Fellibrand,jfellibrandnb@statcounter.com,+62 (120) 407-3419,Tambakbaya
841,Scotty Penniell,spenniellnc@a8.net,+7 (771) 610-8857,Skuratovskiy
842,Karim Sanches,ksanchesnd@1688.com,+95 (346) 156-6464,Thayetmyo
843,Bentlee Wait,bwaitne@yelp.com,+351 (274) 340-2312,Agra
844,Sterne Reddin,sreddinnf@opensource.org,+48 (447) 610-1384,Skórzec
845,Killy Packington,kpackingtonng@ucoz.com,+86 (936) 302-0477,Xinzhai
846,Derron Pleat,dpleatnh@foxnews.com,+54 (904) 378-9708,Villa Ocampo
847,Quintana Glaserman,qglasermanni@homestead.com,+976 (799) 105-0221,Altay sumu
848,Elayne Orford,eorfordnj@salon.com,+33 (803) 997-4257,Rennes
849,Louis Capey,lcapeynk@cdc.gov,+963 (686) 935-1509,Al Bāriqīyah
850,Carley Wellsman,cwellsmannl@dyndns.org,+86 (715) 393-5619,Malian
851,Barclay Gamett,bgamettnm@comcast.net,+254 (528) 743-5636,Ol Kalou
852,Haywood Lewerenz,hlewerenznn@illinois.edu,+86 (187) 742-7657,Ning’an
853,Malena Ahrens,mahrensno@rambler.ru,+98 (815) 153-6573,Bīleh Savār
854,Etienne Killiam,ekilliamnp@blinklist.com,+62 (745) 215-9451,Bunutan
855,Hildagarde Wimlet,hwimletnq@sourceforge.net,+63 (768) 735-3401,Alejal
856,Erena Zealander,ezealandernr@surveymonkey.com,+7 (890) 957-8815,Burmakino
857,Angeli Marzelle,amarzellens@washington.edu,+234 (642) 969-9389,Makurdi
858,Vinnie Line,vlinent@over-blog.com,+86 (332) 454-2162,Wan’an
859,Yasmeen Morgan,ymorgannu@bluehost.com,+52 (835) 300-6346,Hidalgo
860,Ernaline Blatchford,eblatchfordnv@msu.edu,+48 (223) 840-0696,Broniszewice
861,Tracie Cargill,tcargillnw@virginia.edu,+86 (373) 117-2347,Dongshui
862,Catherin Peerless,cpeerlessnx@weather.com,+62 (997) 955-9429,Timurjaya
863,Inigo Wynrahame,iwynrahameny@wunderground.com,+86 (186) 571-6214,Huanghai
864,Amara Langhor,alanghornz@tumblr.com,+86 (778) 190-3011,Xianyan
865,Peyton Joyce,pjoyceo0@cpanel.net,+351 (556) 299-9129,Terrugem
866,Lynett Earnshaw,learnshawo1@usa.gov,+86 (371) 278-6625,Heichengzi
867,Fax Walkinshaw,fwalkinshawo2@gmpg.org,+33 (451) 167-3919,Gentilly
868,Zoe Da Costa,zdao3@odnoklassniki.ru,+81 (544) 187-8152,Ōmihachiman
869,Jim Bryenton,jbryentono4@ihg.com,+55 (941) 502-8851,Guarapari
870,Drusie Calrow,dcalrowo5@intel.com,+234 (266) 690-5728,Dankalwa
871,Anthe Chasson,achassono6@devhub.com,+1 (576) 567-1687,Martensville
872,Aksel Besnard,abesnardo7@cloudflare.com,+54 (980) 553-0222,San Salvador de Jujuy
873,Sherlocke Tours,stourso8@hc360.com,+351 (444) 589-1140,Fojo
874,Lazarus Lindenberg,llindenbergo9@nydailynews.com,+63 (917) 319-5281,Malinao
875,Lane Hazlegrove,lhazlegroveoa@chron.com,+420 (829) 632-1997,Psáry
876,Charyl Baynham,cbaynhamob@microsoft.com,+351 (435) 843-1196,Couto
877,Stefano Shelliday,sshellidayoc@livejournal.com,+48 (949) 238-0067,Białołeka
878,Elvera Cordet,ecordetod@hhs.gov,+63 (584) 174-7219,Rizal
879,Stevy Allanson,sallansonoe@cyberchimps.com,+55 (358) 322-1937,Cunha
880,Marian Magee,mmageeof@wordpress.com,+62 (313) 584-7808,Pakel
881,Sella Gulliman,sgullimanog@wisc.edu,+55 (327) 452-7526,Paranaíba
882,Joye Arundell,jarundelloh@xinhuanet.com,+36 (164) 903-1188,Debrecen
883,Nestor Dadge,ndadgeoi@dot.gov,+46 (938) 447-5416,Stockholm
884,Margaret Lilie,mlilieoj@smh.com.au,+63 (784) 243-3211,Rizal
885,Johna Brigstock,jbrigstockok@goo.ne.jp,+960 (134) 445-0163,Eydhafushi
886,Horton Vanlint,hvanlintol@usda.gov,+86 (517) 548-7256,Qiligang
887,Heloise Hessel,hhesselom@discuz.net,+45 (687) 822-6975,Frederiksberg
888,Leslie Taillant,ltaillanton@amazonaws.com,+7 (108) 688-6223,Safonovo
889,Gare Hutchinges,ghutchingesoo@e-recht24.de,+63 (961) 381-0005,Candelaria
890,Marrilee Baike,mbaikeop@privacy.gov.au,+86 (295) 987-0715,Huai’an
891,Haven Bockett,hbockettoq@wikipedia.org,+1 (105) 167-2078,Altona
892,Howie O'Hingerty,hohingertyor@skyrock.com,+86 (219) 668-6940,Qiping
893,Earl Huxstep,ehuxstepos@tripod.com,+86 (481) 536-8997,Zhongxi
894,Sena Wherrett,swherrettot@example.com,+63 (284) 997-8687,Payao
895,Giovanna Clampin,gclampinou@fda.gov,+62 (156) 441-5221,Krajan Sale
896,Nicolette Iwaszkiewicz,niwaszkiewiczov@ihg.com,+380 (963) 823-9167,Olyka
897,Giulio Woodthorpe,gwoodthorpeow@gizmodo.com,+86 (681) 598-5668,Baiyun
898,Hiram Elgar,helgarox@dropbox.com,+62 (751) 681-2472,Krajan
899,Bella Rantoull,brantoulloy@thetimes.co.uk,+351 (700) 636-2448,Paço de Arcos
900,Willdon Coronado,wcoronadooz@prweb.com,+63 (369) 101-9061,San Emilio
901,Elvis Ashling,eashlingp0@techcrunch.com,+977 (137) 184-7308,Ilām
902,Nelle Escreet,nescreetp1@miitbeian.gov.cn,+380 (779) 695-4307,Artemivs’k
903,Isaak Chatband,ichatbandp2@economist.com,+86 (902) 920-4705,Da’an
904,Jarred Clevely,jclevelyp3@lycos.com,+63 (436) 761-1191,Pangpang
905,Dulciana Cowern,dcowernp4@miibeian.gov.cn,+1 (757) 404-8276,Norfolk
906,Morley Garrettson,mgarrettsonp5@gnu.org,+58 (957) 697-8521,Acarigua
907,Shae McGerraghty,smcgerraghtyp6@mozilla.com,+86 (348) 981-5868,Sanxi
908,Fonz Skechley,fskechleyp7@mlb.com,+380 (195) 319-3274,Lazurne
909,Heall Alleburton,halleburtonp8@chronoengine.com,+86 (901) 819-2479,Zhongnan
910,Wylma McKaile,wmckailep9@mlb.com,+63 (939) 450-7921,San Rafael
911,Witty Kenneway,wkennewaypa@umn.edu,+62 (214) 446-6543,Atap
912,Tabbitha Cradock,tcradockpb@telegraph.co.uk,+375 (122) 408-2869,Antopal’
913,Christan Fricker,cfrickerpc@exblog.jp,+242 (256) 667-5564,Bosobolo
914,Cairistiona Antyshev,cantyshevpd@a8.net,+62 (443) 940-6386,Napu
915,Maribelle Truelock,mtruelockpe@independent.co.uk,+7 (714) 976-8266,Zverevo
916,Nettle Andersson,nanderssonpf@utexas.edu,+31 (840) 636-3252,Amsterdam Nieuw West
917,Mercie Heinish,mheinishpg@washingtonpost.com,+52 (602) 430-7657,Guadalupe
918,Jennette Brockman,jbrockmanph@sakura.ne.jp,+374 (161) 109-9977,Shaghat
919,Shalne Summerhayes,ssummerhayespi@youtu.be,+55 (724) 248-5161,Passo Fundo
920,Lana Nicholls,lnichollspj@cbslocal.com,+55 (728) 450-8918,Piraí
921,June Cottier,jcottierpk@sbwire.com,+267 (219) 173-0732,Botlhapatlou
922,Sharity McKeighan,smckeighanpl@statcounter.com,+55 (567) 710-0246,Santa Rita
923,Maggi Weeks,mweekspm@sphinn.com,+66 (211) 519-4254,Chanthaburi
924,Caryn Plank,cplankpn@clickbank.net,+86 (139) 183-3432,Dapo
925,Antonio Teresi,ateresipo@ehow.com,+62 (652) 576-7211,Dukuhturi
926,Reade Blitz,rblitzpp@drupal.org,+57 (246) 957-4429,Barranca de Upía
927,Crystie Yonnie,cyonniepq@usgs.gov,+86 (608) 360-7277,Dengmu
928,Teddie Offord,toffordpr@t-online.de,+86 (305) 283-8241,Gaozhou
929,Ralf Ritmeier,rritmeierps@arstechnica.com,+963 (851) 362-3192,Bulbul
930,Pat Kitchinham,pkitchinhampt@time.com,+228 (385) 157-8814,Vogan
931,Braden Storr,bstorrpu@icio.us,+63 (344) 886-5611,Luna
932,Bel Knowlton,bknowltonpv@amazon.co.jp,+1 (801) 303-4553,Salt Lake City
933,Rubetta Sertin,rsertinpw@nymag.com,+48 (418) 335-0044,Stryszów
934,Lucas Hawkeridge,lhawkeridgepx@sciencedirect.com,+60 (157) 447-5179,Bandar Pusat Jengka
935,Ricard Kersaw,rkersawpy@adobe.com,+7 (903) 558-9564,Rossosh’
936,Welbie Gruby,wgrubypz@miibeian.gov.cn,+380 (786) 718-4649,Tsarychanka
937,Augustine Coventon,acoventonq0@amazon.de,+374 (815) 935-7230,Kapan
938,Gard Lambot,glambotq1@deliciousdays.com,+54 (576) 767-5860,Laguna Limpia
939,Raquela Maypowder,rmaypowderq2@jugem.jp,+55 (338) 998-8182,Ibirataia
940,Celka Trout,ctroutq3@mayoclinic.com,+86 (858) 352-2944,Baiyushan
941,Iormina Beechcraft,ibeechcraftq4@marriott.com,+63 (157) 855-9286,Lianga
942,Clemens Sigars,csigarsq5@amazonaws.com,+505 (583) 563-6775,Nandaime
943,Kathleen Lockhead,klockheadq6@vistaprint.com,+86 (985) 757-8591,Liugong
944,Ivette Dozdill,idozdillq7@gmpg.org,+1 (907) 618-8059,Anchorage
945,Teddie Lowman,tlowmanq8@freewebs.com,+63 (699) 864-1709,Mindupok
946,Lyon Brownsill,lbrownsillq9@buzzfeed.com,+380 (980) 664-0450,Volodars’k-Volyns’kyy
947,Alaster Spellar,aspellarqa@mozilla.com,+351 (356) 814-2742,Marteleira
948,Elsworth Derrington,ederringtonqb@narod.ru,+86 (903) 543-3348,Jiangyi
949,Jeromy Novak,jnovakqc@webmd.com,+351 (347) 726-9624,Veiros
950,Chanda Goodley,cgoodleyqd@a8.net,+995 (776) 513-9352,Kobuleti
951,Thelma Mountford,tmountfordqe@moonfruit.com,+66 (653) 638-7366,Nong Bua Daeng
952,Lynda Pisco,lpiscoqf@e-recht24.de,+507 (256) 459-1551,Nueva Gorgona
953,Franklin Duddin,fduddinqg@nbcnews.com,+55 (931) 426-1314,Jaguariúna
954,Dougy Spir,dspirqh@netvibes.com,+81 (479) 596-8727,Sakurai
955,Gratia Scurrell,gscurrellqi@cisco.com,+33 (657) 148-3727,Épinal
956,Konstantin Vise,kviseqj@parallels.com,+66 (187) 780-9439,Somdet
957,Susi Carville,scarvilleqk@harvard.edu,+86 (664) 842-0415,Paipu
958,Renato Mattocks,rmattocksql@joomla.org,+55 (236) 312-2396,Palhoça
959,Anya Ackery,aackeryqm@pagesperso-orange.fr,+351 (697) 350-3443,Vilarinho da Castanheira
960,Parsifal Garken,pgarkenqn@list-manage.com,+967 (768) 670-2458,Bayt ‘Adhāqah
961,Jacquenetta Sandford,jsandfordqo@vinaora.com,+7 (262) 485-9738,Ketovo
962,Jim Mallinar,jmallinarqp@telegraph.co.uk,+7 (560) 137-4561,Sysert’
963,Harmonie Keelan,hkeelanqq@php.net,+380 (590) 216-8439,Olyka
964,Kessiah Hazeldean,khazeldeanqr@slashdot.org,+7 (106) 118-7692,Yartsevo
965,Leandra Stanyard,lstanyardqs@photobucket.com,+7 (443) 879-3489,Dmitriyevskaya
966,Delores Brown,dbrownqt@yahoo.com,+86 (494) 602-4238,Ningtang
967,Delia Jurisch,djurischqu@ameblo.jp,+386 (978) 118-5670,Šentrupert
968,Juliann Iacovo,jiacovoqv@hp.com,+380 (622) 756-7827,Popasna
969,Sharron Woodfield,swoodfieldqw@nhs.uk,+62 (771) 893-5461,Tanahmerah
970,Maxie McGraffin,mmcgraffinqx@spotify.com,+261 (155) 876-9195,Ambohitseheno
971,Dale Mayell,dmayellqy@amazonaws.com,+86 (602) 673-0301,Fengting
972,Lynda Deverille,ldeverilleqz@shareasale.com,+86 (488) 103-4650,Dongshui
973,Tedmund Chupin,tchupinr0@prweb.com,+86 (243) 166-8511,Laizhou
974,Brennen Keysel,bkeyselr1@deliciousdays.com,+56 (601) 624-1544,Quillota
975,Agnese Loache,aloacher2@ibm.com,+420 (396) 490-8888,Modřice
976,Raff Burkhill,rburkhillr3@house.gov,+351 (339) 164-1287,Castanheira
977,Shelton Boule,sbouler4@yahoo.co.jp,+86 (508) 673-4380,Yangjiao
978,Herculie Littrick,hlittrickr5@wsj.com,+63 (452) 766-2180,Davila
979,Lina Walbridge,lwalbridger6@salon.com,+381 (507) 135-7019,Begejci
980,Nollie Truwert,ntruwertr7@xrea.com,+351 (225) 658-1348,Montalvão
981,Boothe Klais,bklaisr8@wufoo.com,+371 (562) 314-9327,Daugavgrīva
982,Augustina Soanes,asoanesr9@wordpress.com,+62 (201) 774-2482,Pucangkrajan
983,Bucky Escritt,bescrittra@weibo.com,+86 (753) 183-0993,Wangwu
984,Diandra McCluskey,dmccluskeyrb@weibo.com,+269 (669) 928-0107,Itsandra
985,Junie Seifenmacher,jseifenmacherrc@unesco.org,+227 (277) 732-3016,Tessaoua
986,Vasily Sigart,vsigartrd@godaddy.com,+93 (731) 385-2081,Bala Murghab
987,Sherrie Marrion,smarrionre@ustream.tv,+62 (867) 559-6243,Tanarara
988,Guido Bramall,gbramallrf@ehow.com,+62 (732) 457-1789,Sungi Liput
989,Clerc Gadsby,cgadsbyrg@so-net.ne.jp,+351 (465) 906-7610,Terra Chã
990,Hannie Ludgate,hludgaterh@cbc.ca,+380 (795) 263-3264,Velyka Mykhaylivka
991,Magda Cranshaw,mcranshawri@whitehouse.gov,+86 (113) 182-5076,Mayanhe
992,Theresita Bridson,tbridsonrj@whitehouse.gov,+63 (482) 518-1423,Puricay
993,Sylvia Romand,sromandrk@wisc.edu,+66 (110) 664-6663,Ban Talat Bueng
994,Marcille Scurrer,mscurrerrl@vk.com,+86 (107) 150-7395,Xipi
995,Bil Mapes,bmapesrm@cdbaby.com,+86 (573) 209-2259,Lutian
996,Janeen Carnall,jcarnallrn@wikipedia.org,+27 (831) 932-3384,Tzaneen
997,Fancie Humphries,fhumphriesro@reuters.com,+52 (578) 867-6396,Los Mangos
998,Rosemonde Izkoveski,rizkoveskirp@china.com.cn,+383 (387) 787-6412,Lëbushë
999,Zorah Cashell,zcashellrq@zimbio.com,+46 (834) 186-6299,Jönköping
1000,Barnebas Wyburn,bwyburnrr@desdev.cn,+52 (677) 536-7786,Zaragoza
